projectNumber,name,developer,community
2586,The World Project 2586,Nakheel,The World Islands
2218,Al Barari - Villas 2218,Dubai Properties,Dubailand
2936,Al Furjan - Project 2936,Nakheel,Jebel Ali
3109,Al Furjan - Project 3109,Nakheel,Jebel Ali
3203,Al Furjan - Project 3203,Nakheel,Jebel Ali
3412,Al Furjan - Project 3412,Nakheel,Jebel Ali
3508,Al Furjan - Project 3508,Nakheel,Jebel Ali
3511,Al Furjan - Project 3511,Nakheel,Jebel Ali
3551,Al Furjan - Project 3551,Nakheel,Jebel Ali
3611,Al Furjan - Project 3611,Nakheel,Jebel Ali
3755,Al Furjan - Project 3755,Nakheel,Jebel Ali
3766,Al Furjan - Project 3766,Nakheel,Jebel Ali
3824,Al Furjan - Project 3824,Nakheel,Jebel Ali
3826,Al Furjan - Project 3826,Nakheel,Jebel Ali
3831,Al Furjan - Project 3831,Nakheel,Jebel Ali
3873,Al Furjan - Project 3873,Nakheel,Jebel Ali
4012,Al Furjan - Project 4012,Nakheel,Jebel Ali
2531,Al Furjan - Residences 2531,Nakheel,Jebel Ali
2570,Al Furjan - Residences 2570,Nakheel,Jebel Ali
2721,Al Furjan - Residences 2721,Nakheel,Jebel Ali
2744,Al Furjan - Residences 2744,Nakheel,Jebel Ali
2818,Al Furjan - Residences 2818,Nakheel,Jebel Ali
2863,Al Furjan - Residences 2863,Nakheel,Jebel Ali
2900,Al Furjan - Residences 2900,Nakheel,Jebel Ali
2911,Al Furjan - Residences 2911,Nakheel,Jebel Ali
2951,Al Furjan - Residences 2951,Nakheel,Jebel Ali
2988,Al Furjan - Residences 2988,Nakheel,Jebel Ali
3005,Al Furjan - Residences 3005,Nakheel,Jebel Ali
3020,Al Furjan - Residences 3020,Nakheel,Jebel Ali
3047,Al Furjan - Residences 3047,Nakheel,Jebel Ali
3068,Al Furjan - Residences 3068,Nakheel,Jebel Ali
3069,Al Furjan - Residences 3069,Nakheel,Jebel Ali
3114,Al Furjan - Residences 3114,Nakheel,Jebel Ali
3151,Al Furjan - Residences 3151,Nakheel,Jebel Ali
3191,Al Furjan - Residences 3191,Nakheel,Jebel Ali
3242,Al Furjan - Residences 3242,Nakheel,Jebel Ali
3300,Al Furjan - Residences 3300,Nakheel,Jebel Ali
3335,Al Furjan - Residences 3335,Nakheel,Jebel Ali
3400,Al Furjan - Residences 3400,Nakheel,Jebel Ali
3419,Al Furjan - Residences 3419,Nakheel,Jebel Ali
3434,Al Furjan - Residences 3434,Nakheel,Jebel Ali
3448,Al Furjan - Residences 3448,Nakheel,Jebel Ali
3485,Al Furjan - Residences 3485,Nakheel,Jebel Ali
3509,Al Furjan - Residences 3509,Nakheel,Jebel Ali
3516,Al Furjan - Residences 3516,Nakheel,Jebel Ali
3621,Al Furjan - Residences 3621,Nakheel,Jebel Ali
3782,Al Furjan - Residences 3782,Nakheel,Jebel Ali
3844,Al Furjan - Residences 3844,Nakheel,Jebel Ali
3845,Al Furjan - Residences 3845,Nakheel,Jebel Ali
4130,Al Furjan - Residences 4130,Nakheel,Jebel Ali
3779,Al Furjan - Villas 3779,Nakheel,Jebel Ali
2136,Arjan - Project 2136,Dubai Properties,Arjan
2485,Arjan - Project 2485,Dubai Properties,Arjan
2587,Arjan - Project 2587,Dubai Properties,Arjan
2608,Arjan - Project 2608,Dubai Properties,Arjan
2620,Arjan - Project 2620,Dubai Properties,Arjan
2778,Arjan - Project 2778,Dubai Properties,Arjan
2861,Arjan - Project 2861,Dubai Properties,Arjan
2933,Arjan - Project 2933,Dubai Properties,Arjan
2989,Arjan - Project 2989,Dubai Properties,Arjan
3060,Arjan - Project 3060,Dubai Properties,Arjan
3163,Arjan - Project 3163,Dubai Properties,Arjan
3326,Arjan - Project 3326,Dubai Properties,Arjan
3327,Arjan - Project 3327,Dubai Properties,Arjan
3421,Arjan - Project 3421,Dubai Properties,Arjan
3436,Arjan - Project 3436,Dubai Properties,Arjan
3463,Arjan - Project 3463,Dubai Properties,Arjan
3723,Arjan - Project 3723,Dubai Properties,Arjan
3772,Arjan - Project 3772,Dubai Properties,Arjan
3797,Arjan - Project 3797,Dubai Properties,Arjan
2313,Arjan - Residences 2313,Dubai Properties,Arjan
2379,Arjan - Residences 2379,Dubai Properties,Arjan
2499,Arjan - Residences 2499,Dubai Properties,Arjan
2566,Arjan - Residences 2566,Dubai Properties,Arjan
2591,Arjan - Residences 2591,Dubai Properties,Arjan
2606,Arjan - Residences 2606,Dubai Properties,Arjan
2669,Arjan - Residences 2669,Dubai Properties,Arjan
2702,Arjan - Residences 2702,Dubai Properties,Arjan
2739,Arjan - Residences 2739,Dubai Properties,Arjan
2760,Arjan - Residences 2760,Dubai Properties,Arjan
2814,Arjan - Residences 2814,Dubai Properties,Arjan
2831,Arjan - Residences 2831,Dubai Properties,Arjan
2880,Arjan - Residences 2880,Dubai Properties,Arjan
2938,Arjan - Residences 2938,Dubai Properties,Arjan
2984,Arjan - Residences 2984,Dubai Properties,Arjan
3494,Arjan - Residences 3494,Dubai Properties,Arjan
3588,Arjan - Residences 3588,Dubai Properties,Arjan
3702,Arjan - Residences 3702,Dubai Properties,Arjan
4105,Arjan - Residences 4105,Dubai Properties,Arjan
474,Arjan - Residences 474,Dubai Properties,Arjan
3323,Barsha Heights - Project 3323,TECOM Investments,Barsha Heights
3332,Barsha Heights - Project 3332,TECOM Investments,Barsha Heights
2713,Barsha Heights - Residences 2713,TECOM Investments,Barsha Heights
2372,Business Bay - Project 2372,Damac Properties,Business Bay
2436,Business Bay - Project 2436,Damac Properties,Business Bay
2480,Business Bay - Project 2480,Damac Properties,Business Bay
2547,Business Bay - Project 2547,Damac Properties,Business Bay
2579,Business Bay - Project 2579,Damac Properties,Business Bay
2621,Business Bay - Project 2621,Damac Properties,Business Bay
2876,Business Bay - Project 2876,Damac Properties,Business Bay
2929,Business Bay - Project 2929,Damac Properties,Business Bay
2966,Business Bay - Project 2966,Damac Properties,Business Bay
3030,Business Bay - Project 3030,Damac Properties,Business Bay
3041,Business Bay - Project 3041,Damac Properties,Business Bay
3467,Business Bay - Project 3467,Damac Properties,Business Bay
3659,Business Bay - Project 3659,Damac Properties,Business Bay
3758,Business Bay - Project 3758,Damac Properties,Business Bay
4090,Business Bay - Project 4090,Damac Properties,Business Bay
1701,Business Bay - Residences 1701,Damac Properties,Business Bay
2318,Business Bay - Residences 2318,Damac Properties,Business Bay
2460,Business Bay - Residences 2460,Damac Properties,Business Bay
2461,Business Bay - Residences 2461,Damac Properties,Business Bay
2477,Business Bay - Residences 2477,Damac Properties,Business Bay
2602,Business Bay - Residences 2602,Damac Properties,Business Bay
2615,Business Bay - Residences 2615,Damac Properties,Business Bay
2616,Business Bay - Residences 2616,Dubai Properties,Business Bay
2625,Business Bay - Residences 2625,Damac Properties,Business Bay
2626,Business Bay - Residences 2626,Damac Properties,Business Bay
2654,Business Bay - Residences 2654,Damac Properties,Business Bay
266,Business Bay - Residences 266,Damac Properties,Business Bay
2727,Business Bay - Residences 2727,Damac Properties,Business Bay
2776,Business Bay - Residences 2776,Damac Properties,Business Bay
2792,Business Bay - Residences 2792,Damac Properties,Business Bay
2815,Business Bay - Residences 2815,Damac Properties,Business Bay
2832,Business Bay - Residences 2832,Damac Properties,Business Bay
3052,Business Bay - Residences 3052,Damac Properties,Business Bay
3107,Business Bay - Residences 3107,Damac Properties,Business Bay
3349,Business Bay - Residences 3349,Damac Properties,Business Bay
3392,Business Bay - Residences 3392,Dubai Properties,Business Bay
3504,Business Bay - Residences 3504,Damac Properties,Business Bay
3585,Business Bay - Residences 3585,Dubai Properties,Business Bay
3633,Business Bay - Residences 3633,Damac Properties,Business Bay
4071,Business Bay - Residences 4071,Dubai Properties,Business Bay
2270,Business Bay - Tower 2270,Damac Properties,Business Bay
2611,Business Bay - Tower 2611,Damac Properties,Business Bay
2653,Business Bay - Tower 2653,Damac Properties,Business Bay
2885,Business Bay - Tower 2885,Damac Properties,Business Bay
3220,Business Bay - Tower 3220,Damac Properties,Business Bay
274,Business Bay - Villas 274,Damac Properties,Business Bay
2607,Business Park - Tower 2607,Dubai Properties,Zabeel
3750,Business Park - Villas 3750,Dubai Properties,Zabeel
1854,City Of Arabia - Residences 1854,Dubai Properties,Dubailand
3358,City Of Arabia - Residences 3358,Dubai Properties,Dubailand
3643,City Of Arabia - Residences 3643,Dubai Properties,Dubailand
3656,City Of Arabia - Residences 3656,Dubai Properties,Dubailand
3662,City Of Arabia - Residences 3662,Dubai Properties,Dubailand
3694,City Of Arabia - Residences 3694,Dubai Properties,Dubailand
3695,City Of Arabia - Residences 3695,Dubai Properties,Dubailand
3696,City Of Arabia - Residences 3696,Dubai Properties,Dubailand
3817,City Of Arabia - Residences 3817,Dubai Properties,Dubailand
4079,City Of Arabia - Residences 4079,Dubai Properties,Dubailand
1604,City Of Arabia - Villas 1604,Dubai Properties,Dubailand
2432,City Walk - Residences 2432,Dubai Properties,Al Wasl
2451,City Walk - Residences 2451,Dubai Properties,Al Wasl
2481,City Walk - Residences 2481,Dubai Properties,Al Wasl
2556,City Walk - Residences 2556,Dubai Properties,Al Wasl
2657,City Walk - Residences 2657,Dubai Properties,Al Wasl
2796,City Walk - Residences 2796,Dubai Properties,Al Wasl
2970,City Walk - Residences 2970,Dubai Properties,Al Wasl
2972,City Walk - Residences 2972,Dubai Properties,Al Wasl
3152,City Walk - Residences 3152,Dubai Properties,Al Wasl
3530,City Walk - Residences 3530,Dubai Properties,Al Wasl
3531,City Walk - Residences 3531,Dubai Properties,Al Wasl
3801,City Walk - Residences 3801,Dubai Properties,Al Wasl
2857,DAMAC HILLS 2 - Project 2857,Damac Properties,DAMAC Hills 2
3002,DAMAC HILLS 2 - Project 3002,Damac Properties,DAMAC Hills 2
2859,DAMAC HILLS 2 - Residences 2859,Damac Properties,DAMAC Hills 2
2995,DAMAC HILLS 2 - Residences 2995,Damac Properties,DAMAC Hills 2
3092,DAMAC HILLS 2 - Residences 3092,Damac Properties,DAMAC Hills 2
3122,DAMAC HILLS 2 - Residences 3122,Damac Properties,DAMAC Hills 2
2543,DAMAC HILLS 2 - Villas 2543,Damac Properties,DAMAC Hills 2
2548,DAMAC HILLS 2 - Villas 2548,Damac Properties,DAMAC Hills 2
2730,DAMAC HILLS 2 - Villas 2730,Damac Properties,DAMAC Hills 2
2734,DAMAC HILLS 2 - Villas 2734,Damac Properties,DAMAC Hills 2
2735,DAMAC HILLS 2 - Villas 2735,Damac Properties,DAMAC Hills 2
3199,DAMAC HILLS 2 - Villas 3199,Damac Properties,DAMAC Hills 2
3222,DAMAC HILLS 2 - Villas 3222,Damac Properties,DAMAC Hills 2
3288,DAMAC HILLS 2 - Villas 3288,Damac Properties,DAMAC Hills 2
2698,DAMAC HILLS - Residences 2698,Union Properties,Motor City
2779,DAMAC HILLS - Residences 2779,Union Properties,Motor City
2780,DAMAC HILLS - Residences 2780,Union Properties,Motor City
4064,DAMAC HILLS - Residences 4064,Union Properties,Motor City
2389,DAMAC HILLS - Villas 2389,Union Properties,Motor City
2456,DAMAC HILLS - Villas 2456,Union Properties,Motor City
2457,DAMAC HILLS - Villas 2457,Union Properties,Motor City
3035,DAMAC HILLS - Villas 3035,Union Properties,Motor City
3706,DAMAC HILLS - Villas 3706,Union Properties,Motor City
2317,DAMAC Lagoons - Villas 2317,Dubai Sports City,Dubai Sports City
2320,DAMAC Lagoons - Villas 2320,Dubai Sports City,Dubai Sports City
2329,DAMAC Lagoons - Villas 2329,Dubai Sports City,Dubai Sports City
2330,DAMAC Lagoons - Villas 2330,Dubai Sports City,Dubai Sports City
2335,DAMAC Lagoons - Villas 2335,Dubai Sports City,Dubai Sports City
2336,DAMAC Lagoons - Villas 2336,Dubai Sports City,Dubai Sports City
2356,DAMAC Lagoons - Villas 2356,Dubai Sports City,Dubai Sports City
2396,DAMAC Lagoons - Villas 2396,Dubai Sports City,Dubai Sports City
2689,DAMAC Lagoons - Villas 2689,Dubai Sports City,Dubai Sports City
2690,DAMAC Lagoons - Villas 2690,Dubai Sports City,Dubai Sports City
2883,Discovery Gardens - Project 2883,Nakheel,Jebel Ali
3213,Discovery Gardens - Project 3213,Nakheel,Jebel Ali
2666,Discovery Gardens - Residences 2666,Nakheel,Jebel Ali
2740,Discovery Gardens - Residences 2740,Nakheel,Jebel Ali
2872,Discovery Gardens - Residences 2872,Nakheel,Jebel Ali
2959,Discovery Gardens - Residences 2959,Nakheel,Jebel Ali
3028,Discovery Gardens - Residences 3028,Nakheel,Jebel Ali
3029,Discovery Gardens - Residences 3029,Nakheel,Jebel Ali
3556,Discovery Gardens - Tower 3556,Nakheel,Jebel Ali
1373,DLD Project 1373,Majid Al Futtaim,Tilal Al Ghaf
1374,DLD Project 1374,Majid Al Futtaim,Tilal Al Ghaf
2105,DLD Project 2105,Majid Al Futtaim,Tilal Al Ghaf
2200,DLD Project 2200,Dubai Properties,Business Bay
2355,DLD Project 2355,Majid Al Futtaim,Tilal Al Ghaf
2400,DLD Project 2400,Dubai Sports City,Dubai Sports City
2401,DLD Project 2401,Dubai Sports City,Dubai Sports City
2407,DLD Project 2407,Dubai Properties,Jumeirah
2454,DLD Project 2454,Nakheel,Jumeirah Village Triangle
2467,DLD Project 2467,Majid Al Futtaim,Tilal Al Ghaf
2471,DLD Project 2471,Dubai Properties,Jumeirah
2476,DLD Project 2476,Dubai Properties,Al Wasl
2479,DLD Project 2479,Majid Al Futtaim,Tilal Al Ghaf
2486,DLD Project 2486,Dubai Sports City,Dubai Sports City
2487,DLD Project 2487,Dubai Sports City,Dubai Sports City
2488,DLD Project 2488,Dubai Sports City,Dubai Sports City
2489,DLD Project 2489,Dubai Sports City,Dubai Sports City
2511,DLD Project 2511,Majid Al Futtaim,Tilal Al Ghaf
2530,DLD Project 2530,Dubai Properties,Dubai Marina
2534,DLD Project 2534,Majid Al Futtaim,Tilal Al Ghaf
2553,DLD Project 2553,Dubai Properties,Dubailand
2582,DLD Project 2582,Dubai Properties,Jumeirah
2609,DLD Project 2609,Majid Al Futtaim,Tilal Al Ghaf
2631,DLD Project 2631,Majid Al Futtaim,Tilal Al Ghaf
2656,DLD Project 2656,Damac Properties,Business Bay
2680,DLD Project 2680,Emaar Properties,Dubai Marina
2687,DLD Project 2687,Nakheel,Jumeirah Village Triangle
2694,DLD Project 2694,Dubai Properties,Dubailand
2696,DLD Project 2696,Meydan Group,Dubailand
2704,DLD Project 2704,Majid Al Futtaim,Tilal Al Ghaf
2732,DLD Project 2732,Emaar Properties,Dubai Production City
2733,DLD Project 2733,Dubai Properties,Dubailand
2754,DLD Project 2754,Dubai Properties,Jumeirah
2766,DLD Project 2766,Dubai Properties,Dubailand
2771,DLD Project 2771,Majid Al Futtaim,Tilal Al Ghaf
2782,DLD Project 2782,Emaar Properties,Downtown Dubai
2784,DLD Project 2784,Dubai Properties,Dubailand
2788,DLD Project 2788,Dubai Properties,Ras Al Khor
2793,DLD Project 2793,Dubai Properties,Ras Al Khor
2803,DLD Project 2803,Majid Al Futtaim,Tilal Al Ghaf
2826,DLD Project 2826,Dubai Properties,Dubailand
2873,DLD Project 2873,Majid Al Futtaim,Tilal Al Ghaf
2874,DLD Project 2874,Majid Al Futtaim,Tilal Al Ghaf
2875,DLD Project 2875,Majid Al Futtaim,Tilal Al Ghaf
2892,DLD Project 2892,Emaar Properties,Dubai Marina
2925,DLD Project 2925,Dubai Sports City,Dubai Sports City
2926,DLD Project 2926,Dubai Sports City,Dubai Sports City
2927,DLD Project 2927,Damac Properties,Business Bay
2942,DLD Project 2942,Dubai Sports City,Dubai Sports City
2943,DLD Project 2943,Dubai Sports City,Dubai Sports City
2944,DLD Project 2944,Dubai Sports City,Dubai Sports City
2945,DLD Project 2945,Dubai Sports City,Dubai Sports City
2946,DLD Project 2946,Dubai Sports City,Dubai Sports City
2947,DLD Project 2947,Dubai Sports City,Dubai Sports City
2948,DLD Project 2948,Dubai Properties,Ras Al Khor
2949,DLD Project 2949,Majid Al Futtaim,Tilal Al Ghaf
2957,DLD Project 2957,Dubai Properties,Zabeel
2992,DLD Project 2992,Majid Al Futtaim,Tilal Al Ghaf
3004,DLD Project 3004,Meydan Group,Ras Al Khor
3016,DLD Project 3016,Dubai Properties,Dubailand
3019,DLD Project 3019,Dubai Properties,Dubailand
3021,DLD Project 3021,Dubai Properties,Jumeirah
3025,DLD Project 3025,Emaar Properties,Dubai Production City
3031,DLD Project 3031,Emaar Properties,Dubai Production City
3067,DLD Project 3067,Dubai Properties,Ras Al Khor
3076,DLD Project 3076,Dubai Properties,Dubailand
3079,DLD Project 3079,Dubai Properties,Ras Al Khor
3082,DLD Project 3082,Dubai Properties,Ras Al Khor
3083,DLD Project 3083,Dubai Properties,Ras Al Khor
3088,DLD Project 3088,Dubai Properties,Ras Al Khor
3098,DLD Project 3098,Meydan Group,Ras Al Khor
3108,DLD Project 3108,Dubai Properties,Dubailand
3116,DLD Project 3116,Dubai Sports City,Dubai Sports City
3118,DLD Project 3118,Dubai Sports City,Dubai Sports City
3125,DLD Project 3125,Damac Properties,Business Bay
3126,DLD Project 3126,Dubai Properties,Dubailand
3143,DLD Project 3143,Dubai Properties,Tilal Al Ghaf
3145,DLD Project 3145,Dubai Properties,Tilal Al Ghaf
3153,DLD Project 3153,Majid Al Futtaim,Tilal Al Ghaf
3157,DLD Project 3157,Majid Al Futtaim,Tilal Al Ghaf
3158,DLD Project 3158,Majid Al Futtaim,Tilal Al Ghaf
3159,DLD Project 3159,Majid Al Futtaim,Tilal Al Ghaf
3160,DLD Project 3160,Dubai Properties,Ras Al Khor
3161,DLD Project 3161,Majid Al Futtaim,Tilal Al Ghaf
3169,DLD Project 3169,Dubai Investments,Dubai Investment Park
3170,DLD Project 3170,Dubai Investments,Dubai Investment Park
3171,DLD Project 3171,Dubai Investments,Dubai Investment Park
3174,DLD Project 3174,Majid Al Futtaim,Tilal Al Ghaf
3175,DLD Project 3175,Majid Al Futtaim,Tilal Al Ghaf
3178,DLD Project 3178,Dubai Sports City,Dubai Sports City
3188,DLD Project 3188,Majid Al Futtaim,Tilal Al Ghaf
3189,DLD Project 3189,Majid Al Futtaim,Tilal Al Ghaf
3198,DLD Project 3198,Meydan Group,Ras Al Khor
3200,DLD Project 3200,Meydan Group,Dubailand
3204,DLD Project 3204,Dubai Sports City,Dubai Sports City
3206,DLD Project 3206,Damac Properties,Business Bay
3214,DLD Project 3214,Dubai Sports City,Dubai Sports City
3221,DLD Project 3221,Emaar Properties,Dubai Production City
3226,DLD Project 3226,Dubai Sports City,Dubai Sports City
3257,DLD Project 3257,Meydan Group,DIFC
3266,DLD Project 3266,Emaar Properties,Dubai Production City
3268,DLD Project 3268,Majid Al Futtaim,Tilal Al Ghaf
3272,DLD Project 3272,Meydan Group,Ras Al Khor
3311,DLD Project 3311,Emaar Properties,Dubai Hills Estate
3336,DLD Project 3336,Dubai Properties,Dubailand
3372,DLD Project 3372,Dubai Investments,Dubai Investment Park
3373,DLD Project 3373,Dubai Investments,Dubai Investment Park
3374,DLD Project 3374,Dubai Investments,Dubai Investment Park
3375,DLD Project 3375,Dubai Investments,Dubai Investment Park
3380,DLD Project 3380,Nakheel,Jumeirah Village Triangle
3388,DLD Project 3388,Majid Al Futtaim,Tilal Al Ghaf
3389,DLD Project 3389,Dubai Properties,Mirdif
3396,DLD Project 3396,Dubai Properties,Jumeirah
3398,DLD Project 3398,Dubai Properties,Jumeirah
3399,DLD Project 3399,Dubai Properties,Al Barsha
3405,DLD Project 3405,Majid Al Futtaim,Tilal Al Ghaf
3406,DLD Project 3406,Majid Al Futtaim,Tilal Al Ghaf
3417,DLD Project 3417,Dubai Properties,Al Barsha
3430,DLD Project 3430,Majid Al Futtaim,Tilal Al Ghaf
3431,DLD Project 3431,Majid Al Futtaim,Tilal Al Ghaf
3435,DLD Project 3435,Dubai Properties,Ras Al Khor
3437,DLD Project 3437,Majid Al Futtaim,Tilal Al Ghaf
3438,DLD Project 3438,Majid Al Futtaim,Tilal Al Ghaf
3446,DLD Project 3446,Sobha Realty,Mohammed Bin Rashid City
3453,DLD Project 3453,Emaar Properties,Emaar South
3455,DLD Project 3455,Dubai Properties,Tilal Al Ghaf
3456,DLD Project 3456,Dubai Properties,Tilal Al Ghaf
3461,DLD Project 3461,Dubai Properties,Jumeirah
3462,DLD Project 3462,Majid Al Futtaim,Tilal Al Ghaf
3465,DLD Project 3465,Dubai Properties,Dubai Sports City
3475,DLD Project 3475,Majid Al Futtaim,Tilal Al Ghaf
3476,DLD Project 3476,Majid Al Futtaim,Tilal Al Ghaf
3484,DLD Project 3484,Emaar Properties,Emaar South
3487,DLD Project 3487,Emaar Properties,Downtown Dubai
3490,DLD Project 3490,Majid Al Futtaim,Tilal Al Ghaf
3498,DLD Project 3498,Majid Al Futtaim,Tilal Al Ghaf
3499,DLD Project 3499,Majid Al Futtaim,Tilal Al Ghaf
3500,DLD Project 3500,Majid Al Futtaim,Tilal Al Ghaf
3501,DLD Project 3501,Majid Al Futtaim,Tilal Al Ghaf
3502,DLD Project 3502,Majid Al Futtaim,Tilal Al Ghaf
3503,DLD Project 3503,Dubai Properties,Dubailand
3505,DLD Project 3505,Majid Al Futtaim,Tilal Al Ghaf
3507,DLD Project 3507,Majid Al Futtaim,Tilal Al Ghaf
3517,DLD Project 3517,Dubai Properties,Jumeirah
3524,DLD Project 3524,Dubai Properties,Dubailand
3525,DLD Project 3525,Dubai Properties,Dubailand
3540,DLD Project 3540,Dubai Properties,Ras Al Khor
3548,DLD Project 3548,Dubai Properties,Jumeirah
3562,DLD Project 3562,Emaar Properties,Emaar South
3580,DLD Project 3580,Dubai Properties,Dubai Production City
3581,DLD Project 3581,Dubai Properties,Dubai Production City
3586,DLD Project 3586,Dubai Properties,Dubailand
3602,DLD Project 3602,Majid Al Futtaim,Tilal Al Ghaf
3607,DLD Project 3607,Dubai Properties,Dubailand
3610,DLD Project 3610,Meydan Group,Ras Al Khor
3634,DLD Project 3634,Meydan Group,Ras Al Khor
3660,DLD Project 3660,Dubai Investments,Dubai Investment Park
3661,DLD Project 3661,Dubai Investments,Dubai Investment Park
3663,DLD Project 3663,Dubai Investments,Dubai Investment Park
3664,DLD Project 3664,Dubai Investments,Dubai Investment Park
3665,DLD Project 3665,Dubai Investments,Dubai Investment Park
3666,DLD Project 3666,Dubai Investments,Dubai Investment Park
3667,DLD Project 3667,Dubai Investments,Dubai Investment Park
3668,DLD Project 3668,Dubai Investments,Dubai Investment Park
3669,DLD Project 3669,Dubai Investments,Dubai Investment Park
3672,DLD Project 3672,Emaar Properties,Emaar South
3690,DLD Project 3690,Dubai Investments,Dubai Investment Park
3691,DLD Project 3691,Dubai Properties,DIFC
3693,DLD Project 3693,Majid Al Futtaim,Tilal Al Ghaf
3697,DLD Project 3697,Majid Al Futtaim,Tilal Al Ghaf
3698,DLD Project 3698,Majid Al Futtaim,Tilal Al Ghaf
3699,DLD Project 3699,Dubai Investments,Dubai Investment Park
3700,DLD Project 3700,Dubai Investments,Dubai Investment Park
3701,DLD Project 3701,Dubai Investments,Dubai Investment Park
3703,DLD Project 3703,Dubai Investments,Dubai Investment Park
3704,DLD Project 3704,Dubai Investments,Dubai Investment Park
3735,DLD Project 3735,Dubai Properties,Dubailand
3777,DLD Project 3777,Damac Properties,Business Bay
3778,DLD Project 3778,Dubai Properties,Dubailand
3796,DLD Project 3796,Emaar Properties,Emaar South
3800,DLD Project 3800,Majid Al Futtaim,Tilal Al Ghaf
3802,DLD Project 3802,Meydan Group,Ras Al Khor
3820,DLD Project 3820,Dubai Properties,DIFC
3822,DLD Project 3822,Dubai Investments,Dubai Investment Park
3823,DLD Project 3823,Dubai Investments,Dubai Investment Park
3859,DLD Project 3859,Sobha Realty,Mohammed Bin Rashid City
3860,DLD Project 3860,Sobha Realty,Mohammed Bin Rashid City
3866,DLD Project 3866,Dubai Investments,Dubai Investment Park
3875,DLD Project 3875,Dubai Investments,Dubai Investment Park
3877,DLD Project 3877,Dubai Properties,Ras Al Khor
4016,DLD Project 4016,Meydan Group,DIFC
4022,DLD Project 4022,Emaar Properties,Emaar South
4025,DLD Project 4025,Emaar Properties,Emaar South
4030,DLD Project 4030,Meydan Group,Ras Al Khor
4033,DLD Project 4033,Meydan Group,Ras Al Khor
4036,DLD Project 4036,Meydan Group,Ras Al Khor
4037,DLD Project 4037,Meydan Group,Ras Al Khor
4044,DLD Project 4044,Majid Al Futtaim,Tilal Al Ghaf
4045,DLD Project 4045,Majid Al Futtaim,Tilal Al Ghaf
4046,DLD Project 4046,Majid Al Futtaim,Tilal Al Ghaf
4047,DLD Project 4047,Majid Al Futtaim,Tilal Al Ghaf
4057,DLD Project 4057,Meydan Group,Ras Al Khor
4067,DLD Project 4067,Dubai Investments,Dubai Investment Park
4070,DLD Project 4070,Emaar Properties,Emaar South
4074,DLD Project 4074,Emaar Properties,Emaar South
4108,DLD Project 4108,Dubai Properties,Jumeirah
4121,DLD Project 4121,Dubai Properties,Dubailand
4133,DLD Project 4133,Meydan Group,Ras Al Khor
668,DLD Project 668,TECOM Investments,Emaar South
2990,DMCC-EZ1 - Residences 2990,TECOM Investments,Barsha Heights
3295,DMCC-EZ1 - Residences 3295,TECOM Investments,Barsha Heights
3713,DMCC-EZ2 - Residences 3713,Nakheel,Jebel Ali
4042,DMCC-EZ2 - Residences 4042,Nakheel,Jebel Ali
3510,Down Town Jabal Ali - Project 3510,Nakheel,Jebel Ali Industrial
4024,Down Town Jabal Ali - Project 4024,Nakheel,Jebel Ali Industrial
4076,Down Town Jabal Ali - Project 4076,Nakheel,Jebel Ali Industrial
2736,Down Town Jabal Ali - Residences 2736,Nakheel,Jebel Ali Industrial
2839,Down Town Jabal Ali - Residences 2839,Nakheel,Jebel Ali Industrial
2965,Down Town Jabal Ali - Residences 2965,Nakheel,Jebel Ali Industrial
1465,DownTown Dubai - Project 1465,Emaar Properties,Downtown Dubai
1466,DownTown Dubai - Project 1466,Emaar Properties,Downtown Dubai
2724,DownTown Dubai - Project 2724,Emaar Properties,Downtown Dubai
2738,DownTown Dubai - Project 2738,Emaar Properties,Downtown Dubai
2886,DownTown Dubai - Project 2886,Emaar Properties,Downtown Dubai
2887,DownTown Dubai - Project 2887,Emaar Properties,Downtown Dubai
2928,DownTown Dubai - Project 2928,Emaar Properties,Downtown Dubai
2983,DownTown Dubai - Project 2983,Emaar Properties,Downtown Dubai
3129,DownTown Dubai - Project 3129,Emaar Properties,Downtown Dubai
3176,DownTown Dubai - Project 3176,Emaar Properties,Downtown Dubai
3725,DownTown Dubai - Project 3725,Emaar Properties,Downtown Dubai
1816,DownTown Dubai - Residences 1816,Emaar Properties,Downtown Dubai
2359,DownTown Dubai - Residences 2359,Emaar Properties,Downtown Dubai
2443,DownTown Dubai - Residences 2443,Emaar Properties,Downtown Dubai
2475,DownTown Dubai - Residences 2475,Emaar Properties,Downtown Dubai
2527,DownTown Dubai - Residences 2527,Emaar Properties,Downtown Dubai
2545,DownTown Dubai - Residences 2545,Emaar Properties,Downtown Dubai
2647,DownTown Dubai - Residences 2647,Emaar Properties,Downtown Dubai
3150,DownTown Dubai - Residences 3150,Emaar Properties,Downtown Dubai
2941,Dubai Creek Harbour - Project 2941,Emaar Properties,Dubai Creek Harbour
2450,Dubai Creek Harbour - Residences 2450,Emaar Properties,Dubai Creek Harbour
2551,Dubai Creek Harbour - Residences 2551,Emaar Properties,Dubai Creek Harbour
2555,Dubai Creek Harbour - Residences 2555,Emaar Properties,Dubai Creek Harbour
2614,Dubai Creek Harbour - Residences 2614,Emaar Properties,Dubai Creek Harbour
2634,Dubai Creek Harbour - Residences 2634,Emaar Properties,Dubai Creek Harbour
2882,Dubai Creek Harbour - Residences 2882,Emaar Properties,Dubai Creek Harbour
3033,Dubai Creek Harbour - Residences 3033,Emaar Properties,Dubai Creek Harbour
3104,Dubai Creek Harbour - Residences 3104,Emaar Properties,Dubai Creek Harbour
3147,Dubai Creek Harbour - Residences 3147,Emaar Properties,Dubai Creek Harbour
3184,Dubai Creek Harbour - Residences 3184,Emaar Properties,Dubai Creek Harbour
3229,Dubai Creek Harbour - Residences 3229,Emaar Properties,Dubai Creek Harbour
3608,Dubai Creek Harbour - Residences 3608,Emaar Properties,Dubai Creek Harbour
3609,Dubai Creek Harbour - Residences 3609,Emaar Properties,Dubai Creek Harbour
3710,Dubai Creek Harbour - Residences 3710,Emaar Properties,Dubai Creek Harbour
3744,Dubai Creek Harbour - Residences 3744,Emaar Properties,Dubai Creek Harbour
4098,Dubai Creek Harbour - Residences 4098,Emaar Properties,Dubai Creek Harbour
2397,Dubai Harbour - Project 2397,Emaar Properties,Dubai Marina
2286,Dubai Harbour - Residences 2286,Emaar Properties,Dubai Marina
2430,Dubai Harbour - Residences 2430,Emaar Properties,Dubai Marina
2550,Dubai Harbour - Residences 2550,Emaar Properties,Dubai Marina
2633,Dubai Harbour - Residences 2633,Emaar Properties,Dubai Marina
2644,Dubai Harbour - Residences 2644,Emaar Properties,Dubai Marina
2646,Dubai Harbour - Residences 2646,Emaar Properties,Dubai Marina
2762,Dubai Harbour - Residences 2762,Emaar Properties,Dubai Marina
3133,Dubai Harbour - Residences 3133,Emaar Properties,Dubai Marina
3134,Dubai Harbour - Residences 3134,Emaar Properties,Dubai Marina
3317,Dubai Harbour - Residences 3317,Emaar Properties,Dubai Marina
3439,Dubai Harbour - Residences 3439,Emaar Properties,Dubai Marina
2559,Dubai Harbour - Tower 2559,Emaar Properties,Dubai Marina
3275,Dubai Health Care City Phase 1 - Project 3275,Dubai Properties,Bur Dubai
3566,Dubai Health Care City Phase 1 - Project 3566,Dubai Properties,Bur Dubai
3325,Dubai Health Care City Phase 1 - Residences 3325,Dubai Properties,Bur Dubai
2917,Dubai Health Care City Phase 2 - Project 2917,Dubai Properties,Al Jadaf
3256,Dubai Health Care City Phase 2 - Project 3256,Dubai Properties,Al Jadaf
1860,Dubai Health Care City Phase 2 - Residences 1860,Dubai Properties,Al Jadaf
3192,Dubai Health Care City Phase 2 - Residences 3192,Dubai Properties,Al Jadaf
3195,Dubai Health Care City Phase 2 - Residences 3195,Dubai Properties,Al Jadaf
3264,Dubai Health Care City Phase 2 - Residences 3264,Dubai Properties,Al Jadaf
1986,Dubai Health Care City Phase 2 - Villas 1986,Dubai Properties,Al Jadaf
2856,Dubai Hills Estate - Project 2856,Emaar Properties,Dubai Hills Estate
2931,Dubai Hills Estate - Project 2931,Emaar Properties,Dubai Hills Estate
3148,Dubai Hills Estate - Project 3148,Emaar Properties,Dubai Hills Estate
2428,Dubai Hills Estate - Residences 2428,Emaar Properties,Dubai Hills Estate
2464,Dubai Hills Estate - Residences 2464,Emaar Properties,Dubai Hills Estate
2483,Dubai Hills Estate - Residences 2483,Emaar Properties,Dubai Hills Estate
2509,Dubai Hills Estate - Residences 2509,Emaar Properties,Dubai Hills Estate
2510,Dubai Hills Estate - Residences 2510,Emaar Properties,Dubai Hills Estate
2536,Dubai Hills Estate - Residences 2536,Emaar Properties,Dubai Hills Estate
2581,Dubai Hills Estate - Residences 2581,Emaar Properties,Dubai Hills Estate
2599,Dubai Hills Estate - Residences 2599,Emaar Properties,Dubai Hills Estate
2705,Dubai Hills Estate - Residences 2705,Emaar Properties,Dubai Hills Estate
2706,Dubai Hills Estate - Residences 2706,Emaar Properties,Dubai Hills Estate
2728,Dubai Hills Estate - Residences 2728,Emaar Properties,Dubai Hills Estate
2741,Dubai Hills Estate - Residences 2741,Emaar Properties,Dubai Hills Estate
2775,Dubai Hills Estate - Residences 2775,Emaar Properties,Dubai Hills Estate
2790,Dubai Hills Estate - Residences 2790,Emaar Properties,Dubai Hills Estate
2795,Dubai Hills Estate - Residences 2795,Emaar Properties,Dubai Hills Estate
2884,Dubai Hills Estate - Residences 2884,Emaar Properties,Dubai Hills Estate
3139,Dubai Hills Estate - Residences 3139,Emaar Properties,Dubai Hills Estate
3197,Dubai Hills Estate - Residences 3197,Emaar Properties,Dubai Hills Estate
3228,Dubai Hills Estate - Residences 3228,Emaar Properties,Dubai Hills Estate
3237,Dubai Hills Estate - Residences 3237,Emaar Properties,Dubai Hills Estate
3309,Dubai Hills Estate - Residences 3309,Emaar Properties,Dubai Hills Estate
3411,Dubai Hills Estate - Residences 3411,Emaar Properties,Dubai Hills Estate
3488,Dubai Hills Estate - Residences 3488,Emaar Properties,Dubai Hills Estate
3534,Dubai Hills Estate - Residences 3534,Emaar Properties,Dubai Hills Estate
3834,Dubai Hills Estate - Residences 3834,Emaar Properties,Dubai Hills Estate
4015,Dubai Hills Estate - Residences 4015,Emaar Properties,Dubai Hills Estate
2769,Dubai Hills Estate - Tower 2769,Emaar Properties,Dubai Hills Estate
3269,Dubai Hills Estate - Villas 3269,Emaar Properties,Dubai Hills Estate
2423,DUBAI HILLS - Villas 2423,Emaar Properties,Dubai Hills Estate
2846,DUBAI HILLS - Villas 2846,Emaar Properties,Dubai Hills Estate
3641,DUBAI HILLS - Villas 3641,Emaar Properties,Dubai Hills Estate
3745,Dubai International Financial Center - Residences 3745,Dubai Properties,Zabeel
2282,Dubai Investment Park First - Project 2282,Dubai Investments,Dubai Investment Park
2394,Dubai Investment Park First - Project 2394,Dubai Investments,Dubai Investment Park
2413,Dubai Investment Park First - Project 2413,Dubai Investments,Dubai Investment Park
2720,Dubai Investment Park First - Project 2720,Dubai Investments,Dubai Investment Park
2752,Dubai Investment Park First - Project 2752,Dubai Investments,Dubai Investment Park
2976,Dubai Investment Park First - Project 2976,Dubai Investments,Dubai Investment Park
3302,Dubai Investment Park First - Project 3302,Dubai Investments,Dubai Investment Park
3303,Dubai Investment Park First - Project 3303,Dubai Investments,Dubai Investment Park
3340,Dubai Investment Park First - Project 3340,Dubai Investments,Dubai Investment Park
2470,Dubai Investment Park First - Residences 2470,Dubai Investments,Dubai Investment Park
945,Dubai Investment Park First - Residences 945,Dubai Investments,Dubai Investment Park
2314,Dubai Investment Park First - Villas 2314,Dubai Investments,Dubai Investment Park
2642,Dubai Land Residence Complex - Project 2642,Dubai Properties,Tilal Al Ghaf
2785,Dubai Land Residence Complex - Project 2785,Dubai Properties,Tilal Al Ghaf
2896,Dubai Land Residence Complex - Project 2896,Dubai Properties,Tilal Al Ghaf
2897,Dubai Land Residence Complex - Project 2897,Dubai Properties,Tilal Al Ghaf
2898,Dubai Land Residence Complex - Project 2898,Dubai Properties,Tilal Al Ghaf
2903,Dubai Land Residence Complex - Project 2903,Dubai Properties,Tilal Al Ghaf
2909,Dubai Land Residence Complex - Project 2909,Dubai Properties,Tilal Al Ghaf
3132,Dubai Land Residence Complex - Project 3132,Dubai Properties,Tilal Al Ghaf
3205,Dubai Land Residence Complex - Project 3205,Dubai Properties,Tilal Al Ghaf
3342,Dubai Land Residence Complex - Project 3342,Dubai Properties,Tilal Al Ghaf
3428,Dubai Land Residence Complex - Project 3428,Dubai Properties,Tilal Al Ghaf
3545,Dubai Land Residence Complex - Project 3545,Dubai Properties,Tilal Al Ghaf
3629,Dubai Land Residence Complex - Project 3629,Dubai Properties,Tilal Al Ghaf
3686,Dubai Land Residence Complex - Project 3686,Dubai Properties,Tilal Al Ghaf
3712,Dubai Land Residence Complex - Project 3712,Dubai Properties,Tilal Al Ghaf
3727,Dubai Land Residence Complex - Project 3727,Dubai Properties,Tilal Al Ghaf
3781,Dubai Land Residence Complex - Project 3781,Majid Al Futtaim,Tilal Al Ghaf
3791,Dubai Land Residence Complex - Project 3791,Dubai Properties,Tilal Al Ghaf
3818,Dubai Land Residence Complex - Project 3818,Dubai Properties,Tilal Al Ghaf
3856,Dubai Land Residence Complex - Project 3856,Dubai Properties,Tilal Al Ghaf
3864,Dubai Land Residence Complex - Project 3864,Dubai Properties,Tilal Al Ghaf
4001,Dubai Land Residence Complex - Project 4001,Dubai Properties,Tilal Al Ghaf
4004,Dubai Land Residence Complex - Project 4004,Dubai Properties,Tilal Al Ghaf
4005,Dubai Land Residence Complex - Project 4005,Dubai Properties,Tilal Al Ghaf
4078,Dubai Land Residence Complex - Project 4078,Dubai Properties,Tilal Al Ghaf
4106,Dubai Land Residence Complex - Project 4106,Dubai Properties,Tilal Al Ghaf
4109,Dubai Land Residence Complex - Project 4109,Dubai Properties,Tilal Al Ghaf
2422,Dubai Land Residence Complex - Residences 2422,Dubai Properties,Tilal Al Ghaf
2424,Dubai Land Residence Complex - Residences 2424,Dubai Properties,Tilal Al Ghaf
2541,Dubai Land Residence Complex - Residences 2541,Dubai Properties,Tilal Al Ghaf
2605,Dubai Land Residence Complex - Residences 2605,Dubai Properties,Tilal Al Ghaf
2768,Dubai Land Residence Complex - Residences 2768,Dubai Properties,Tilal Al Ghaf
2787,Dubai Land Residence Complex - Residences 2787,Dubai Properties,Tilal Al Ghaf
2847,Dubai Land Residence Complex - Residences 2847,Dubai Properties,Tilal Al Ghaf
2904,Dubai Land Residence Complex - Residences 2904,Dubai Properties,Tilal Al Ghaf
2973,Dubai Land Residence Complex - Residences 2973,Dubai Properties,Tilal Al Ghaf
3007,Dubai Land Residence Complex - Residences 3007,Dubai Properties,Tilal Al Ghaf
3146,Dubai Land Residence Complex - Residences 3146,Dubai Properties,Tilal Al Ghaf
3155,Dubai Land Residence Complex - Residences 3155,Dubai Properties,Tilal Al Ghaf
3164,Dubai Land Residence Complex - Residences 3164,Dubai Properties,Tilal Al Ghaf
3219,Dubai Land Residence Complex - Residences 3219,Dubai Properties,Tilal Al Ghaf
3248,Dubai Land Residence Complex - Residences 3248,Dubai Properties,Tilal Al Ghaf
3262,Dubai Land Residence Complex - Residences 3262,Dubai Properties,Tilal Al Ghaf
3278,Dubai Land Residence Complex - Residences 3278,Dubai Properties,Tilal Al Ghaf
3286,Dubai Land Residence Complex - Residences 3286,Dubai Properties,Tilal Al Ghaf
3313,Dubai Land Residence Complex - Residences 3313,Dubai Properties,Tilal Al Ghaf
3383,Dubai Land Residence Complex - Residences 3383,Dubai Properties,Tilal Al Ghaf
3413,Dubai Land Residence Complex - Residences 3413,Dubai Properties,Tilal Al Ghaf
3466,Dubai Land Residence Complex - Residences 3466,Dubai Properties,Tilal Al Ghaf
3483,Dubai Land Residence Complex - Residences 3483,Dubai Properties,Tilal Al Ghaf
3543,Dubai Land Residence Complex - Residences 3543,Dubai Properties,Tilal Al Ghaf
3576,Dubai Land Residence Complex - Residences 3576,Dubai Properties,Tilal Al Ghaf
3603,Dubai Land Residence Complex - Residences 3603,Dubai Properties,Tilal Al Ghaf
3622,Dubai Land Residence Complex - Residences 3622,Dubai Properties,Tilal Al Ghaf
3632,Dubai Land Residence Complex - Residences 3632,Dubai Properties,Tilal Al Ghaf
3651,Dubai Land Residence Complex - Residences 3651,Dubai Properties,Tilal Al Ghaf
3675,Dubai Land Residence Complex - Residences 3675,Dubai Properties,Tilal Al Ghaf
3705,Dubai Land Residence Complex - Residences 3705,Dubai Properties,Tilal Al Ghaf
3747,Dubai Land Residence Complex - Residences 3747,Dubai Properties,Tilal Al Ghaf
3748,Dubai Land Residence Complex - Residences 3748,Dubai Properties,Tilal Al Ghaf
3774,Dubai Land Residence Complex - Residences 3774,Nakheel,Tilal Al Ghaf
3776,Dubai Land Residence Complex - Residences 3776,Dubai Properties,Tilal Al Ghaf
3803,Dubai Land Residence Complex - Residences 3803,Dubai Properties,Tilal Al Ghaf
3815,Dubai Land Residence Complex - Residences 3815,Dubai Properties,Tilal Al Ghaf
4009,Dubai Land Residence Complex - Residences 4009,Dubai Properties,Tilal Al Ghaf
4058,Dubai Land Residence Complex - Residences 4058,Dubai Properties,Tilal Al Ghaf
4073,Dubai Land Residence Complex - Residences 4073,Dubai Properties,Tilal Al Ghaf
4086,Dubai Land Residence Complex - Residences 4086,Dubai Properties,Tilal Al Ghaf
4100,Dubai Land Residence Complex - Residences 4100,Dubai Properties,Tilal Al Ghaf
4125,Dubai Land Residence Complex - Residences 4125,Dubai Properties,Tilal Al Ghaf
4132,Dubai Land Residence Complex - Residences 4132,Dubai Properties,Tilal Al Ghaf
3564,Dubai Land Residence Complex - Villas 3564,Dubai Properties,Tilal Al Ghaf
3420,Dubai Life Style City - Residences 3420,Dubai Properties,Dubailand
1740,Dubai Marina - Project 1740,Emaar Properties,Dubai Marina
3393,Dubai Marina - Project 3393,Emaar Properties,Dubai Marina
3762,Dubai Marina - Project 3762,Emaar Properties,Dubai Marina
2380,Dubai Marina - Residences 2380,Emaar Properties,Dubai Marina
2425,Dubai Marina - Residences 2425,Emaar Properties,Dubai Marina
2502,Dubai Marina - Residences 2502,Emaar Properties,Dubai Marina
2540,Dubai Marina - Residences 2540,Emaar Properties,Dubai Marina
2797,Dubai Marina - Residences 2797,Emaar Properties,Dubai Marina
2939,Dubai Marina - Residences 2939,Emaar Properties,Dubai Marina
3006,Dubai Marina - Residences 3006,Emaar Properties,Dubai Marina
3246,Dubai Marina - Residences 3246,Emaar Properties,Dubai Marina
3328,Dubai Marina - Residences 3328,Emaar Properties,Dubai Marina
3346,Dubai Marina - Residences 3346,Emaar Properties,Dubai Marina
357,Dubai Marina - Residences 357,Emaar Properties,Dubai Marina
2755,Dubai Maritime City - Project 2755,Meydan Group,Dubai Maritime City
2867,Dubai Maritime City - Project 2867,Meydan Group,Dubai Maritime City
3391,Dubai Maritime City - Project 3391,Meydan Group,Dubai Maritime City
4003,Dubai Maritime City - Project 4003,Meydan Group,Dubai Maritime City
4050,Dubai Maritime City - Project 4050,Meydan Group,Dubai Maritime City
2516,Dubai Maritime City - Residences 2516,Meydan Group,Dubai Maritime City
2589,Dubai Maritime City - Residences 2589,Meydan Group,Dubai Maritime City
2729,Dubai Maritime City - Residences 2729,Meydan Group,Dubai Maritime City
2756,Dubai Maritime City - Residences 2756,Meydan Group,Dubai Maritime City
2781,Dubai Maritime City - Residences 2781,Meydan Group,Dubai Maritime City
2783,Dubai Maritime City - Residences 2783,Meydan Group,Dubai Maritime City
3034,Dubai Maritime City - Residences 3034,Meydan Group,Dubai Maritime City
3110,Dubai Maritime City - Residences 3110,Meydan Group,Dubai Maritime City
3115,Dubai Maritime City - Residences 3115,Meydan Group,Dubai Maritime City
3425,Dubai Maritime City - Residences 3425,Meydan Group,Dubai Maritime City
3577,Dubai Maritime City - Residences 3577,Meydan Group,Dubai Maritime City
3650,Dubai Maritime City - Residences 3650,Meydan Group,Dubai Maritime City
3719,Dubai Maritime City - Residences 3719,Meydan Group,Dubai Maritime City
3743,Dubai Maritime City - Residences 3743,Meydan Group,Dubai Maritime City
3869,Dubai Maritime City - Residences 3869,Meydan Group,Dubai Maritime City
4017,Dubai Maritime City - Residences 4017,Meydan Group,Dubai Maritime City
4081,Dubai Maritime City - Residences 4081,Meydan Group,Dubai Maritime City
4084,Dubai Maritime City - Residences 4084,Meydan Group,Dubai Maritime City
2726,Dubai Maritime City - Tower 2726,Meydan Group,Dubai Maritime City
3324,Dubai Science Park - Project 3324,Nakheel,Jumeirah Village Triangle
3870,Dubai Science Park - Project 3870,Nakheel,Jumeirah Village Triangle
1643,Dubai Science Park - Residences 1643,TECOM Investments,Jumeirah Village Triangle
2855,Dubai Science Park - Residences 2855,Nakheel,Jumeirah Village Triangle
3053,Dubai Science Park - Residences 3053,Nakheel,Jumeirah Village Triangle
3154,Dubai Science Park - Residences 3154,Nakheel,Jumeirah Village Triangle
3181,Dubai Science Park - Residences 3181,Nakheel,Jumeirah Village Triangle
3321,Dubai Science Park - Residences 3321,Nakheel,Jumeirah Village Triangle
3481,Dubai Science Park - Residences 3481,Nakheel,Jumeirah Village Triangle
4056,Dubai Science Park - Residences 4056,Nakheel,Jumeirah Village Triangle
3225,Dubai Science Park - Tower 3225,Nakheel,Jumeirah Village Triangle
3480,Dubai Science Park - Tower 3480,Nakheel,Jumeirah Village Triangle
2711,Dubai South Residential District - Project 2711,Dubai Airports Corporation,Emaar South
3117,Dubai South Residential District - Project 3117,Dubai Airports Corporation,Emaar South
3299,Dubai South Residential District - Project 3299,Dubai Airports Corporation,Emaar South
3522,Dubai South Residential District - Project 3522,Dubai Airports Corporation,Emaar South
3541,Dubai South Residential District - Project 3541,Dubai Airports Corporation,Emaar South
3583,Dubai South Residential District - Project 3583,Dubai Airports Corporation,Emaar South
3678,Dubai South Residential District - Project 3678,Dubai Airports Corporation,Emaar South
3733,Dubai South Residential District - Project 3733,Dubai Airports Corporation,Emaar South
3806,Dubai South Residential District - Project 3806,Dubai Airports Corporation,Emaar South
3821,Dubai South Residential District - Project 3821,Dubai Airports Corporation,Emaar South
3846,Dubai South Residential District - Project 3846,Dubai Airports Corporation,Emaar South
4040,Dubai South Residential District - Project 4040,Dubai Airports Corporation,Emaar South
1946,Dubai South Residential District - Residences 1946,Dubai Airports Corporation,Emaar South
3093,Dubai South Residential District - Residences 3093,Dubai Airports Corporation,Emaar South
3102,Dubai South Residential District - Residences 3102,Dubai Airports Corporation,Emaar South
3130,Dubai South Residential District - Residences 3130,Dubai Airports Corporation,Emaar South
3233,Dubai South Residential District - Residences 3233,Dubai Airports Corporation,Emaar South
3234,Dubai South Residential District - Residences 3234,Dubai Airports Corporation,Emaar South
3270,Dubai South Residential District - Residences 3270,Dubai Airports Corporation,Emaar South
3377,Dubai South Residential District - Residences 3377,Dubai Airports Corporation,Emaar South
3379,Dubai South Residential District - Residences 3379,Dubai Airports Corporation,Emaar South
3441,Dubai South Residential District - Residences 3441,Dubai Airports Corporation,Emaar South
3468,Dubai South Residential District - Residences 3468,Dubai Airports Corporation,Emaar South
3515,Dubai South Residential District - Residences 3515,Dubai Airports Corporation,Emaar South
3582,Dubai South Residential District - Residences 3582,Dubai Airports Corporation,Emaar South
3591,Dubai South Residential District - Residences 3591,Dubai Airports Corporation,Emaar South
3653,Dubai South Residential District - Residences 3653,Dubai Airports Corporation,Emaar South
3657,Dubai South Residential District - Residences 3657,Dubai Airports Corporation,Emaar South
3658,Dubai South Residential District - Residences 3658,Dubai Airports Corporation,Emaar South
3670,Dubai South Residential District - Residences 3670,Dubai Airports Corporation,Emaar South
3684,Dubai South Residential District - Residences 3684,Dubai Airports Corporation,Emaar South
3687,Dubai South Residential District - Residences 3687,Dubai Airports Corporation,Emaar South
3726,Dubai South Residential District - Residences 3726,Dubai Airports Corporation,Emaar South
3728,Dubai South Residential District - Residences 3728,Dubai Airports Corporation,Emaar South
3828,Dubai South Residential District - Residences 3828,Emaar Properties,Emaar South
3851,Dubai South Residential District - Residences 3851,Dubai Airports Corporation,Emaar South
3857,Dubai South Residential District - Residences 3857,Dubai Airports Corporation,Emaar South
3888,Dubai South Residential District - Residences 3888,Dubai Airports Corporation,Emaar South
4020,Dubai South Residential District - Residences 4020,Dubai Airports Corporation,Emaar South
4027,Dubai South Residential District - Residences 4027,Emaar Properties,Emaar South
4035,Dubai South Residential District - Residences 4035,Dubai Airports Corporation,Emaar South
4054,Dubai South Residential District - Residences 4054,Dubai Airports Corporation,Emaar South
4075,Dubai South Residential District - Residences 4075,Dubai Airports Corporation,Emaar South
4087,Dubai South Residential District - Residences 4087,Emaar Properties,Emaar South
4092,Dubai South Residential District - Residences 4092,Dubai Airports Corporation,Emaar South
2452,Dubai South Residential District - Villas 2452,Dubai Airports Corporation,Emaar South
2584,Dubai South Residential District - Villas 2584,Dubai Airports Corporation,Emaar South
2844,Dubai South Residential District - Villas 2844,Dubai Airports Corporation,Emaar South
2985,Dubai South Residential District - Villas 2985,Dubai Airports Corporation,Emaar South
3051,Dubai South Residential District - Villas 3051,Dubai Airports Corporation,Emaar South
2707,Dubai Sports City - Project 2707,Dubai Sports City,Dubai Sports City
2745,Dubai Sports City - Project 2745,Dubai Sports City,Dubai Sports City
2828,Dubai Sports City - Project 2828,Dubai Sports City,Dubai Sports City
2908,Dubai Sports City - Project 2908,Dubai Sports City,Dubai Sports City
3086,Dubai Sports City - Project 3086,Dubai Sports City,Dubai Sports City
3193,Dubai Sports City - Project 3193,Dubai Sports City,Dubai Sports City
3230,Dubai Sports City - Project 3230,Dubai Sports City,Dubai Sports City
3362,Dubai Sports City - Project 3362,Dubai Sports City,Dubai Sports City
3768,Dubai Sports City - Project 3768,Dubai Sports City,Dubai Sports City
3775,Dubai Sports City - Project 3775,Dubai Sports City,Dubai Sports City
3838,Dubai Sports City - Project 3838,Dubai Sports City,Dubai Sports City
3853,Dubai Sports City - Project 3853,Dubai Sports City,Dubai Sports City
4034,Dubai Sports City - Project 4034,Dubai Sports City,Dubai Sports City
4124,Dubai Sports City - Project 4124,Dubai Sports City,Dubai Sports City
2036,Dubai Sports City - Residences 2036,Dubai Sports City,Dubai Sports City
2661,Dubai Sports City - Residences 2661,Dubai Sports City,Dubai Sports City
2746,Dubai Sports City - Residences 2746,Dubai Sports City,Dubai Sports City
2845,Dubai Sports City - Residences 2845,Dubai Sports City,Dubai Sports City
2891,Dubai Sports City - Residences 2891,Dubai Sports City,Dubai Sports City
2978,Dubai Sports City - Residences 2978,Dubai Sports City,Dubai Sports City
3131,Dubai Sports City - Residences 3131,Dubai Sports City,Dubai Sports City
3350,Dubai Sports City - Residences 3350,Dubai Sports City,Dubai Sports City
3414,Dubai Sports City - Residences 3414,Dubai Sports City,Dubai Sports City
3442,Dubai Sports City - Residences 3442,Dubai Sports City,Dubai Sports City
510,Dubai Sports City - Residences 510,Dubai Sports City,Dubai Sports City
556,Dubai Sports City - Residences 556,Dubai Sports City,Dubai Sports City
558,Dubai Sports City - Residences 558,Dubai Sports City,Dubai Sports City
3216,Dubai Studio City - Project 3216,Dubai Sports City,Motor City
3339,Dubai Studio City - Project 3339,Dubai Sports City,Motor City
3370,Dubai Studio City - Project 3370,Dubai Sports City,Motor City
2034,Dubai Studio City - Residences 2034,TECOM Investments,Motor City
2561,Dubai Studio City - Residences 2561,TECOM Investments,Motor City
2849,Dubai Studio City - Residences 2849,Dubai Sports City,Motor City
2871,Dubai Studio City - Residences 2871,Dubai Sports City,Motor City
3043,Dubai Studio City - Residences 3043,Dubai Sports City,Motor City
3307,Dubai Studio City - Residences 3307,Dubai Sports City,Motor City
4082,Dubai Studio City - Residences 4082,Dubai Sports City,Motor City
2759,Dubai Water Canal - Project 2759,Dubai Properties,Jumeirah
3273,Dubai Water Canal - Project 3273,Meydan Group,Jumeirah
3382,Dubai Water Canal - Project 3382,Dubai Properties,Al Wasl
2374,Dubai Water Canal - Residences 2374,Dubai Properties,Al Wasl
2459,Dubai Water Canal - Residences 2459,Dubai Properties,Al Wasl
2501,Dubai Water Canal - Residences 2501,Dubai Properties,Al Wasl
2679,Dubai Water Canal - Residences 2679,Dubai Properties,Al Wasl
2767,Dubai Water Canal - Residences 2767,Dubai Properties,Jumeirah
3001,Dubai Water Canal - Residences 3001,Dubai Properties,Al Wasl
3106,Dubai Water Canal - Residences 3106,Dubai Properties,Al Wasl
3589,Dubai Water Canal - Residences 3589,Dubai Properties,Al Wasl
2836,Dubai Water Canal - Villas 2836,Meydan Group,Jumeirah
2821,Dubai World Central - Project 2821,Dubai Airports Corporation,Emaar South
2829,Dubai World Central - Project 2829,Dubai Airports Corporation,Emaar South
2955,Dubai World Central - Project 2955,Dubai Airports Corporation,Emaar South
2956,Dubai World Central - Project 2956,Dubai Airports Corporation,Emaar South
3032,Dubai World Central - Project 3032,Emaar Properties,Emaar South
3073,Dubai World Central - Project 3073,Dubai Airports Corporation,Emaar South
3121,Dubai World Central - Project 3121,Emaar Properties,Emaar South
3283,Dubai World Central - Project 3283,Emaar Properties,Emaar South
3316,Dubai World Central - Project 3316,Emaar Properties,Emaar South
3319,Dubai World Central - Project 3319,Emaar Properties,Emaar South
3514,Dubai World Central - Project 3514,Emaar Properties,Emaar South
3558,Dubai World Central - Project 3558,Emaar Properties,Emaar South
3730,Dubai World Central - Project 3730,Dubai Airports Corporation,Emaar South
3732,Dubai World Central - Project 3732,Dubai Airports Corporation,Emaar South
3809,Dubai World Central - Project 3809,Dubai Airports Corporation,Emaar South
3810,Dubai World Central - Project 3810,Dubai Airports Corporation,Emaar South
4038,Dubai World Central - Project 4038,Dubai Airports Corporation,Emaar South
4053,Dubai World Central - Project 4053,Dubai Airports Corporation,Emaar South
4085,Dubai World Central - Project 4085,Dubai Airports Corporation,Emaar South
2612,Dubai World Central - Residences 2612,Emaar Properties,Emaar South
2617,Dubai World Central - Residences 2617,Emaar Properties,Emaar South
2799,Dubai World Central - Residences 2799,Dubai Airports Corporation,Emaar South
2800,Dubai World Central - Residences 2800,Dubai Airports Corporation,Emaar South
2820,Dubai World Central - Residences 2820,Dubai Airports Corporation,Emaar South
2822,Dubai World Central - Residences 2822,Dubai Airports Corporation,Emaar South
2830,Dubai World Central - Residences 2830,Dubai Airports Corporation,Emaar South
3137,Dubai World Central - Residences 3137,Dubai Airports Corporation,Emaar South
3215,Dubai World Central - Residences 3215,Emaar Properties,Emaar South
3239,Dubai World Central - Residences 3239,Dubai Airports Corporation,Emaar South
3297,Dubai World Central - Residences 3297,Dubai Airports Corporation,Emaar South
3308,Dubai World Central - Residences 3308,Emaar Properties,Emaar South
3318,Dubai World Central - Residences 3318,Dubai Airports Corporation,Emaar South
3381,Dubai World Central - Residences 3381,Emaar Properties,Emaar South
3385,Dubai World Central - Residences 3385,Emaar Properties,Emaar South
3426,Dubai World Central - Residences 3426,Emaar Properties,Emaar South
3427,Dubai World Central - Residences 3427,Emaar Properties,Emaar South
3474,Dubai World Central - Residences 3474,Dubai Airports Corporation,Emaar South
3523,Dubai World Central - Residences 3523,Emaar Properties,Emaar South
3567,Dubai World Central - Residences 3567,Emaar Properties,Emaar South
3578,Dubai World Central - Residences 3578,Emaar Properties,Emaar South
3579,Dubai World Central - Residences 3579,Emaar Properties,Emaar South
3711,Dubai World Central - Residences 3711,Dubai Airports Corporation,Emaar South
3731,Dubai World Central - Residences 3731,Dubai Airports Corporation,Emaar South
3741,Dubai World Central - Residences 3741,Dubai Airports Corporation,Emaar South
3814,Dubai World Central - Residences 3814,Dubai Airports Corporation,Emaar South
4007,Dubai World Central - Residences 4007,Emaar Properties,Emaar South
4117,Dubai World Central - Residences 4117,Emaar Properties,Emaar South
4119,Dubai World Central - Residences 4119,Emaar Properties,Emaar South
2519,Dubai World Central - Villas 2519,Emaar Properties,Emaar South
2604,Dubai World Central - Villas 2604,Emaar Properties,Emaar South
2623,Dubai World Central - Villas 2623,Emaar Properties,Emaar South
2963,Dubai World Central - Villas 2963,Emaar Properties,Emaar South
3044,Dubai World Central - Villas 3044,Emaar Properties,Emaar South
3111,Dubai World Central - Villas 3111,Emaar Properties,Emaar South
3783,Dubai World Central - Villas 3783,Dubai Airports Corporation,Emaar South
2604,Fairway Villas 2,Emaar Properties,Emaar South
2963,Fairway Villas 3,Emaar Properties,Emaar South
3512,Falcon City - Project 3512,Dubai Properties,Dubailand
4111,Falcon City - Residences 4111,Dubai Properties,Dubailand
2924,HADAEQ SHEIKH MOHAMMED BIN RASHID - DISRICT 7 - Villas 2924,Meydan Group,Dubai Hills Estate
1102,International City Phase 1 - Project 1102,Nakheel,International City
3605,International City Phase 1 - Project 3605,Nakheel,International City
3645,International City Phase 1 - Project 3645,Nakheel,International City
3166,International City Phase 1 - Residences 3166,Nakheel,International City
3688,International City Phase 1 - Residences 3688,Nakheel,International City
3185,International City Phase 3 - Project 3185,Dubai Properties,International City
3423,International City Phase 3 - Project 3423,Nakheel,International City
3673,International City Phase 3 - Project 3673,Dubai Properties,International City
3861,International City Phase 3 - Project 3861,Dubai Properties,International City
4112,International City Phase 3 - Project 4112,Nakheel,International City
2834,International City Phase 3 - Residences 2834,Dubai Properties,International City
2960,International City Phase 3 - Residences 2960,Nakheel,International City
3089,International City Phase 3 - Residences 3089,Dubai Properties,International City
3097,International City Phase 3 - Residences 3097,Dubai Properties,International City
3236,International City Phase 3 - Residences 3236,Dubai Properties,International City
3277,International City Phase 3 - Residences 3277,Dubai Properties,International City
3280,International City Phase 3 - Residences 3280,Nakheel,International City
3301,International City Phase 3 - Residences 3301,Dubai Properties,International City
3355,International City Phase 3 - Residences 3355,Dubai Properties,International City
3486,International City Phase 3 - Residences 3486,Dubai Properties,International City
3560,International City Phase 3 - Residences 3560,Dubai Properties,International City
3590,International City Phase 3 - Residences 3590,Nakheel,International City
3635,International City Phase 3 - Residences 3635,Dubai Properties,International City
3692,International City Phase 3 - Residences 3692,Nakheel,International City
3708,International City Phase 3 - Residences 3708,Dubai Properties,International City
3746,International City Phase 3 - Residences 3746,Nakheel,International City
3787,International City Phase 3 - Residences 3787,Dubai Properties,International City
3825,International City Phase 3 - Residences 3825,Nakheel,International City
3827,International City Phase 3 - Residences 3827,Nakheel,International City
3836,International City Phase 3 - Residences 3836,Dubai Properties,International City
3841,International City Phase 3 - Residences 3841,Dubai Properties,International City
3882,International City Phase 3 - Residences 3882,Dubai Properties,International City
3883,International City Phase 3 - Residences 3883,Dubai Properties,International City
3071,International Media Production Zone - Project 3071,TECOM Investments,Dubai Production City
3087,International Media Production Zone - Project 3087,TECOM Investments,Dubai Production City
3245,International Media Production Zone - Project 3245,TECOM Investments,Dubai Production City
3429,International Media Production Zone - Project 3429,TECOM Investments,Dubai Production City
3680,International Media Production Zone - Project 3680,TECOM Investments,Dubai Production City
3855,International Media Production Zone - Project 3855,TECOM Investments,Dubai Production City
4051,International Media Production Zone - Project 4051,TECOM Investments,Dubai Production City
4052,International Media Production Zone - Project 4052,TECOM Investments,Dubai Production City
2725,International Media Production Zone - Residences 2725,TECOM Investments,Dubai Production City
2750,International Media Production Zone - Residences 2750,TECOM Investments,Dubai Production City
2758,International Media Production Zone - Residences 2758,TECOM Investments,Dubai Production City
3217,International Media Production Zone - Residences 3217,TECOM Investments,Dubai Production City
3294,International Media Production Zone - Residences 3294,TECOM Investments,Dubai Production City
3341,International Media Production Zone - Residences 3341,TECOM Investments,Dubai Production City
3343,International Media Production Zone - Residences 3343,TECOM Investments,Dubai Production City
3344,International Media Production Zone - Residences 3344,TECOM Investments,Dubai Production City
3496,International Media Production Zone - Residences 3496,TECOM Investments,Dubai Production City
4062,International Media Production Zone - Residences 4062,TECOM Investments,Dubai Production City
2895,International Media Production Zone - Tower 2895,TECOM Investments,Dubai Production City
2375,Jabal Ali Village - Project 2375,Nakheel,Jebel Ali
2285,Jabal Ali Village - Villas 2285,Nakheel,Jebel Ali
2384,Jabal Ali Village - Villas 2384,Nakheel,Jebel Ali
2387,Jabal Ali Village - Villas 2387,Nakheel,Jebel Ali
3865,JABEL ALI HILLS - Project 3865,Dubai Properties,Emaar South
2994,Jaddaf Waterfront - Project 2994,Dubai Properties,Al Jadaf
2996,Jaddaf Waterfront - Project 2996,Dubai Properties,Al Jadaf
3105,Jaddaf Waterfront - Project 3105,Dubai Properties,Al Jadaf
3142,Jaddaf Waterfront - Project 3142,Dubai Properties,Al Jadaf
3212,Jaddaf Waterfront - Project 3212,Dubai Properties,Al Jadaf
3397,Jaddaf Waterfront - Project 3397,Dubai Properties,Al Jadaf
3554,Jaddaf Waterfront - Project 3554,Dubai Properties,Al Jadaf
3722,Jaddaf Waterfront - Project 3722,Dubai Properties,Al Jadaf
2868,Jaddaf Waterfront - Residences 2868,Dubai Properties,Al Jadaf
3026,Jaddaf Waterfront - Residences 3026,Dubai Properties,Al Jadaf
3120,Jaddaf Waterfront - Residences 3120,Dubai Properties,Al Jadaf
3527,Jaddaf Waterfront - Residences 3527,Dubai Properties,Al Jadaf
3595,Jaddaf Waterfront - Residences 3595,Dubai Properties,Al Jadaf
263,Jaddaf Waterfront - Villas 263,Dubai Properties,Al Jadaf
2507,Jumeira Bay - Residences 2507,Dubai Properties,The World Islands
3059,Jumeirah Garden City - Project 3059,Dubai Properties,Bur Dubai
3061,Jumeirah Garden City - Project 3061,Dubai Properties,Bur Dubai
3168,Jumeirah Garden City - Project 3168,Dubai Properties,Bur Dubai
3243,Jumeirah Garden City - Project 3243,Dubai Properties,Bur Dubai
3249,Jumeirah Garden City - Project 3249,Dubai Properties,Bur Dubai
3250,Jumeirah Garden City - Project 3250,Dubai Properties,Bur Dubai
3521,Jumeirah Garden City - Project 3521,Dubai Properties,Bur Dubai
3536,Jumeirah Garden City - Project 3536,Dubai Properties,Bur Dubai
3596,Jumeirah Garden City - Project 3596,Dubai Properties,Bur Dubai
3623,Jumeirah Garden City - Project 3623,Dubai Properties,Bur Dubai
3720,Jumeirah Garden City - Project 3720,Dubai Properties,Bur Dubai
3798,Jumeirah Garden City - Project 3798,Dubai Properties,Bur Dubai
3854,Jumeirah Garden City - Project 3854,Dubai Properties,Bur Dubai
4095,Jumeirah Garden City - Project 4095,Dubai Properties,Bur Dubai
2860,Jumeirah Garden City - Residences 2860,Dubai Properties,Bur Dubai
3037,Jumeirah Garden City - Residences 3037,Dubai Properties,Bur Dubai
3046,Jumeirah Garden City - Residences 3046,Dubai Properties,Bur Dubai
3075,Jumeirah Garden City - Residences 3075,Dubai Properties,Bur Dubai
3084,Jumeirah Garden City - Residences 3084,Dubai Properties,Bur Dubai
3127,Jumeirah Garden City - Residences 3127,Dubai Properties,Bur Dubai
3207,Jumeirah Garden City - Residences 3207,Dubai Properties,Bur Dubai
3235,Jumeirah Garden City - Residences 3235,Dubai Properties,Bur Dubai
3274,Jumeirah Garden City - Residences 3274,Dubai Properties,Bur Dubai
3287,Jumeirah Garden City - Residences 3287,Dubai Properties,Bur Dubai
3497,Jumeirah Garden City - Residences 3497,Dubai Properties,Bur Dubai
3506,Jumeirah Garden City - Residences 3506,Dubai Properties,Bur Dubai
3553,Jumeirah Garden City - Residences 3553,Dubai Properties,Bur Dubai
3557,Jumeirah Garden City - Residences 3557,Dubai Properties,Bur Dubai
3565,Jumeirah Garden City - Residences 3565,Dubai Properties,Bur Dubai
3601,Jumeirah Garden City - Residences 3601,Dubai Properties,Bur Dubai
3644,Jumeirah Garden City - Residences 3644,Dubai Properties,Bur Dubai
3655,Jumeirah Garden City - Residences 3655,Dubai Properties,Bur Dubai
4083,Jumeirah Garden City - Residences 4083,Dubai Properties,Bur Dubai
4088,Jumeirah Garden City - Residences 4088,Dubai Properties,Bur Dubai
4114,Jumeirah Garden City - Residences 4114,Dubai Properties,Bur Dubai
3832,Jumeirah Golf Estates - Phase B - Villas 3832,TECOM Investments,Dubai Production City
4029,Jumeirah Golf Estates - Phase B - Villas 4029,TECOM Investments,Dubai Production City
3593,Jumeirah Golf Estates - Residences 3593,TECOM Investments,Dubai Production City
2506,Jumeirah Golf Estates - Villas 2506,TECOM Investments,Dubai Production City
2542,Jumeirah Golf Estates - Villas 2542,TECOM Investments,Dubai Production City
2601,Jumeirah Golf Estates - Villas 2601,TECOM Investments,Dubai Production City
2877,Jumeirah Golf Estates - Villas 2877,TECOM Investments,Dubai Production City
2065,Jumeirah Islands - Project 2065,TECOM Investments,Barsha Heights
2806,Jumeirah Islands - Project 2806,TECOM Investments,Barsha Heights
3056,Jumeirah Islands - Residences 3056,TECOM Investments,Barsha Heights
3408,Jumeirah Islands - Residences 3408,Nakheel,Barsha Heights
360,Jumeirah Islands - Residences 360,TECOM Investments,Barsha Heights
3780,Jumeirah Islands - Residences 3780,TECOM Investments,Barsha Heights
3852,Jumeirah Islands - Residences 3852,Nakheel,Barsha Heights
398,Jumeirah Islands - Residences 398,Nakheel,Barsha Heights
399,Jumeirah Islands - Residences 399,TECOM Investments,Barsha Heights
3409,Jumeirah Islands - Tower 3409,TECOM Investments,Barsha Heights
4116,Jumeirah Islands - Tower 4116,Nakheel,Barsha Heights
1285,Jumeirah Islands - Villas 1285,Nakheel,Barsha Heights
2851,Jumeirah Lakes Towers - Project 2851,TECOM Investments,Barsha Heights
2554,Jumeirah Lakes Towers - Residences 2554,TECOM Investments,Barsha Heights
2560,Jumeirah Lakes Towers - Residences 2560,TECOM Investments,Barsha Heights
2583,Jumeirah Lakes Towers - Residences 2583,TECOM Investments,Barsha Heights
2684,Jumeirah Lakes Towers - Residences 2684,TECOM Investments,Barsha Heights
2685,Jumeirah Lakes Towers - Residences 2685,TECOM Investments,Barsha Heights
3017,Jumeirah Lakes Towers - Residences 3017,TECOM Investments,Barsha Heights
459,Jumeirah Lakes Towers - Residences 459,TECOM Investments,Barsha Heights
2935,Jumeirah Park - Project 2935,Nakheel,Barsha Heights
3296,Jumeirah Park - Project 3296,Nakheel,Barsha Heights
2563,Jumeirah Village Circle - Project 2563,Nakheel,Jumeirah Village Circle
2655,Jumeirah Village Circle - Project 2655,Nakheel,Jumeirah Village Circle
2683,Jumeirah Village Circle - Project 2683,Nakheel,Jumeirah Village Circle
2714,Jumeirah Village Circle - Project 2714,Nakheel,Jumeirah Village Circle
2812,Jumeirah Village Circle - Project 2812,Nakheel,Jumeirah Village Circle
2843,Jumeirah Village Circle - Project 2843,Nakheel,Jumeirah Village Circle
2864,Jumeirah Village Circle - Project 2864,Nakheel,Jumeirah Village Circle
2881,Jumeirah Village Circle - Project 2881,Nakheel,Jumeirah Village Circle
2888,Jumeirah Village Circle - Project 2888,Nakheel,Jumeirah Village Circle
2902,Jumeirah Village Circle - Project 2902,Nakheel,Jumeirah Village Circle
2905,Jumeirah Village Circle - Project 2905,Nakheel,Jumeirah Village Circle
2907,Jumeirah Village Circle - Project 2907,Nakheel,Jumeirah Village Circle
2937,Jumeirah Village Circle - Project 2937,Nakheel,Jumeirah Village Circle
2958,Jumeirah Village Circle - Project 2958,Nakheel,Jumeirah Village Circle
2961,Jumeirah Village Circle - Project 2961,Nakheel,Jumeirah Village Circle
2969,Jumeirah Village Circle - Project 2969,Nakheel,Jumeirah Village Circle
3065,Jumeirah Village Circle - Project 3065,Nakheel,Jumeirah Village Circle
3078,Jumeirah Village Circle - Project 3078,Nakheel,Jumeirah Village Circle
3090,Jumeirah Village Circle - Project 3090,Nakheel,Jumeirah Village Circle
3096,Jumeirah Village Circle - Project 3096,Nakheel,Jumeirah Village Circle
3186,Jumeirah Village Circle - Project 3186,Nakheel,Jumeirah Village Circle
3187,Jumeirah Village Circle - Project 3187,Nakheel,Jumeirah Village Circle
3190,Jumeirah Village Circle - Project 3190,Nakheel,Jumeirah Village Circle
3210,Jumeirah Village Circle - Project 3210,Nakheel,Jumeirah Village Circle
3258,Jumeirah Village Circle - Project 3258,Nakheel,Jumeirah Village Circle
3263,Jumeirah Village Circle - Project 3263,Nakheel,Jumeirah Village Circle
3281,Jumeirah Village Circle - Project 3281,Nakheel,Jumeirah Village Circle
3314,Jumeirah Village Circle - Project 3314,Nakheel,Jumeirah Village Circle
3320,Jumeirah Village Circle - Project 3320,Nakheel,Jumeirah Village Circle
3359,Jumeirah Village Circle - Project 3359,Nakheel,Jumeirah Village Circle
3371,Jumeirah Village Circle - Project 3371,Nakheel,Jumeirah Village Circle
3402,Jumeirah Village Circle - Project 3402,Nakheel,Jumeirah Village Circle
3572,Jumeirah Village Circle - Project 3572,Nakheel,Jumeirah Village Circle
3584,Jumeirah Village Circle - Project 3584,Nakheel,Jumeirah Village Circle
3647,Jumeirah Village Circle - Project 3647,Nakheel,Jumeirah Village Circle
3682,Jumeirah Village Circle - Project 3682,Nakheel,Jumeirah Village Circle
3754,Jumeirah Village Circle - Project 3754,Nakheel,Jumeirah Village Circle
3764,Jumeirah Village Circle - Project 3764,Nakheel,Jumeirah Village Circle
3765,Jumeirah Village Circle - Project 3765,Nakheel,Jumeirah Village Circle
3769,Jumeirah Village Circle - Project 3769,Nakheel,Jumeirah Village Circle
3790,Jumeirah Village Circle - Project 3790,Nakheel,Jumeirah Village Circle
3805,Jumeirah Village Circle - Project 3805,Nakheel,Jumeirah Village Circle
3813,Jumeirah Village Circle - Project 3813,Nakheel,Jumeirah Village Circle
3819,Jumeirah Village Circle - Project 3819,Nakheel,Jumeirah Village Circle
3842,Jumeirah Village Circle - Project 3842,Nakheel,Jumeirah Village Circle
3847,Jumeirah Village Circle - Project 3847,Nakheel,Jumeirah Village Circle
3880,Jumeirah Village Circle - Project 3880,Nakheel,Jumeirah Village Circle
4013,Jumeirah Village Circle - Project 4013,Nakheel,Jumeirah Village Circle
1555,Jumeirah Village Circle - Residences 1555,Nakheel,Jumeirah Village Circle
1901,Jumeirah Village Circle - Residences 1901,Nakheel,Jumeirah Village Circle
2345,Jumeirah Village Circle - Residences 2345,Nakheel,Jumeirah Village Circle
2353,Jumeirah Village Circle - Residences 2353,Nakheel,Jumeirah Village Circle
2392,Jumeirah Village Circle - Residences 2392,Nakheel,Jumeirah Village Circle
2412,Jumeirah Village Circle - Residences 2412,Nakheel,Jumeirah Village Circle
2433,Jumeirah Village Circle - Residences 2433,Nakheel,Jumeirah Village Circle
2435,Jumeirah Village Circle - Residences 2435,Nakheel,Jumeirah Village Circle
2515,Jumeirah Village Circle - Residences 2515,Nakheel,Jumeirah Village Circle
2517,Jumeirah Village Circle - Residences 2517,Nakheel,Jumeirah Village Circle
2533,Jumeirah Village Circle - Residences 2533,Nakheel,Jumeirah Village Circle
2537,Jumeirah Village Circle - Residences 2537,Nakheel,Jumeirah Village Circle
2539,Jumeirah Village Circle - Residences 2539,Nakheel,Jumeirah Village Circle
2544,Jumeirah Village Circle - Residences 2544,Nakheel,Jumeirah Village Circle
2557,Jumeirah Village Circle - Residences 2557,Nakheel,Jumeirah Village Circle
2558,Jumeirah Village Circle - Residences 2558,Nakheel,Jumeirah Village Circle
2574,Jumeirah Village Circle - Residences 2574,Nakheel,Jumeirah Village Circle
2575,Jumeirah Village Circle - Residences 2575,Nakheel,Jumeirah Village Circle
2629,Jumeirah Village Circle - Residences 2629,Nakheel,Jumeirah Village Circle
2635,Jumeirah Village Circle - Residences 2635,Nakheel,Jumeirah Village Circle
2660,Jumeirah Village Circle - Residences 2660,Nakheel,Jumeirah Village Circle
2663,Jumeirah Village Circle - Residences 2663,Nakheel,Jumeirah Village Circle
2665,Jumeirah Village Circle - Residences 2665,Nakheel,Jumeirah Village Circle
2675,Jumeirah Village Circle - Residences 2675,Nakheel,Jumeirah Village Circle
2676,Jumeirah Village Circle - Residences 2676,Nakheel,Jumeirah Village Circle
2677,Jumeirah Village Circle - Residences 2677,Nakheel,Jumeirah Village Circle
2681,Jumeirah Village Circle - Residences 2681,Nakheel,Jumeirah Village Circle
2688,Jumeirah Village Circle - Residences 2688,Nakheel,Jumeirah Village Circle
2708,Jumeirah Village Circle - Residences 2708,Nakheel,Jumeirah Village Circle
2722,Jumeirah Village Circle - Residences 2722,Nakheel,Jumeirah Village Circle
2731,Jumeirah Village Circle - Residences 2731,Nakheel,Jumeirah Village Circle
2737,Jumeirah Village Circle - Residences 2737,Nakheel,Jumeirah Village Circle
2764,Jumeirah Village Circle - Residences 2764,Nakheel,Jumeirah Village Circle
2770,Jumeirah Village Circle - Residences 2770,Nakheel,Jumeirah Village Circle
2772,Jumeirah Village Circle - Residences 2772,Nakheel,Jumeirah Village Circle
2773,Jumeirah Village Circle - Residences 2773,Nakheel,Jumeirah Village Circle
2777,Jumeirah Village Circle - Residences 2777,Nakheel,Jumeirah Village Circle
2794,Jumeirah Village Circle - Residences 2794,Nakheel,Jumeirah Village Circle
2798,Jumeirah Village Circle - Residences 2798,Nakheel,Jumeirah Village Circle
2802,Jumeirah Village Circle - Residences 2802,Nakheel,Jumeirah Village Circle
2823,Jumeirah Village Circle - Residences 2823,Nakheel,Jumeirah Village Circle
2833,Jumeirah Village Circle - Residences 2833,Nakheel,Jumeirah Village Circle
2837,Jumeirah Village Circle - Residences 2837,Nakheel,Jumeirah Village Circle
2870,Jumeirah Village Circle - Residences 2870,Nakheel,Jumeirah Village Circle
2890,Jumeirah Village Circle - Residences 2890,Nakheel,Jumeirah Village Circle
2916,Jumeirah Village Circle - Residences 2916,Nakheel,Jumeirah Village Circle
2919,Jumeirah Village Circle - Residences 2919,Nakheel,Jumeirah Village Circle
2977,Jumeirah Village Circle - Residences 2977,Nakheel,Jumeirah Village Circle
2979,Jumeirah Village Circle - Residences 2979,Nakheel,Jumeirah Village Circle
2998,Jumeirah Village Circle - Residences 2998,Nakheel,Jumeirah Village Circle
3008,Jumeirah Village Circle - Residences 3008,Nakheel,Jumeirah Village Circle
3009,Jumeirah Village Circle - Residences 3009,Nakheel,Jumeirah Village Circle
3014,Jumeirah Village Circle - Residences 3014,Nakheel,Jumeirah Village Circle
3027,Jumeirah Village Circle - Residences 3027,Nakheel,Jumeirah Village Circle
3036,Jumeirah Village Circle - Residences 3036,Nakheel,Jumeirah Village Circle
3040,Jumeirah Village Circle - Residences 3040,Nakheel,Jumeirah Village Circle
3045,Jumeirah Village Circle - Residences 3045,Nakheel,Jumeirah Village Circle
3048,Jumeirah Village Circle - Residences 3048,Nakheel,Jumeirah Village Circle
3057,Jumeirah Village Circle - Residences 3057,Nakheel,Jumeirah Village Circle
3058,Jumeirah Village Circle - Residences 3058,Nakheel,Jumeirah Village Circle
3066,Jumeirah Village Circle - Residences 3066,Nakheel,Jumeirah Village Circle
3072,Jumeirah Village Circle - Residences 3072,Nakheel,Jumeirah Village Circle
3081,Jumeirah Village Circle - Residences 3081,Nakheel,Jumeirah Village Circle
3103,Jumeirah Village Circle - Residences 3103,Nakheel,Jumeirah Village Circle
3113,Jumeirah Village Circle - Residences 3113,Nakheel,Jumeirah Village Circle
3135,Jumeirah Village Circle - Residences 3135,Nakheel,Jumeirah Village Circle
3165,Jumeirah Village Circle - Residences 3165,Nakheel,Jumeirah Village Circle
3179,Jumeirah Village Circle - Residences 3179,Nakheel,Jumeirah Village Circle
3196,Jumeirah Village Circle - Residences 3196,Nakheel,Jumeirah Village Circle
3201,Jumeirah Village Circle - Residences 3201,Nakheel,Jumeirah Village Circle
3227,Jumeirah Village Circle - Residences 3227,Nakheel,Jumeirah Village Circle
3289,Jumeirah Village Circle - Residences 3289,Nakheel,Jumeirah Village Circle
3290,Jumeirah Village Circle - Residences 3290,Nakheel,Jumeirah Village Circle
3291,Jumeirah Village Circle - Residences 3291,Nakheel,Jumeirah Village Circle
3310,Jumeirah Village Circle - Residences 3310,Nakheel,Jumeirah Village Circle
3333,Jumeirah Village Circle - Residences 3333,Nakheel,Jumeirah Village Circle
3345,Jumeirah Village Circle - Residences 3345,Nakheel,Jumeirah Village Circle
3356,Jumeirah Village Circle - Residences 3356,Nakheel,Jumeirah Village Circle
3366,Jumeirah Village Circle - Residences 3366,Nakheel,Jumeirah Village Circle
3369,Jumeirah Village Circle - Residences 3369,Nakheel,Jumeirah Village Circle
3449,Jumeirah Village Circle - Residences 3449,Nakheel,Jumeirah Village Circle
3473,Jumeirah Village Circle - Residences 3473,Nakheel,Jumeirah Village Circle
3477,Jumeirah Village Circle - Residences 3477,Nakheel,Jumeirah Village Circle
3478,Jumeirah Village Circle - Residences 3478,Nakheel,Jumeirah Village Circle
3529,Jumeirah Village Circle - Residences 3529,Nakheel,Jumeirah Village Circle
3533,Jumeirah Village Circle - Residences 3533,Nakheel,Jumeirah Village Circle
3539,Jumeirah Village Circle - Residences 3539,Nakheel,Jumeirah Village Circle
3550,Jumeirah Village Circle - Residences 3550,Nakheel,Jumeirah Village Circle
3552,Jumeirah Village Circle - Residences 3552,Nakheel,Jumeirah Village Circle
3624,Jumeirah Village Circle - Residences 3624,Nakheel,Jumeirah Village Circle
3628,Jumeirah Village Circle - Residences 3628,Nakheel,Jumeirah Village Circle
3636,Jumeirah Village Circle - Residences 3636,Nakheel,Jumeirah Village Circle
3646,Jumeirah Village Circle - Residences 3646,Nakheel,Jumeirah Village Circle
3677,Jumeirah Village Circle - Residences 3677,Nakheel,Jumeirah Village Circle
3681,Jumeirah Village Circle - Residences 3681,Nakheel,Jumeirah Village Circle
3717,Jumeirah Village Circle - Residences 3717,Nakheel,Jumeirah Village Circle
3734,Jumeirah Village Circle - Residences 3734,Nakheel,Jumeirah Village Circle
3763,Jumeirah Village Circle - Residences 3763,Nakheel,Jumeirah Village Circle
3792,Jumeirah Village Circle - Residences 3792,Nakheel,Jumeirah Village Circle
3850,Jumeirah Village Circle - Residences 3850,Nakheel,Jumeirah Village Circle
4039,Jumeirah Village Circle - Residences 4039,Nakheel,Jumeirah Village Circle
4129,Jumeirah Village Circle - Residences 4129,Nakheel,Jumeirah Village Circle
647,Jumeirah Village Circle - Residences 647,Nakheel,Jumeirah Village Circle
2693,Jumeirah Village Circle - Tower 2693,Nakheel,Jumeirah Village Circle
2649,Jumeirah Village Circle - Villas 2649,Nakheel,Jumeirah Village Circle
2709,Jumeirah Village Circle - Villas 2709,Nakheel,Jumeirah Village Circle
2804,Jumeirah Village Circle - Villas 2804,Nakheel,Jumeirah Village Circle
2807,Jumeirah Village Circle - Villas 2807,Nakheel,Jumeirah Village Circle
2824,Jumeirah Village Circle - Villas 2824,Nakheel,Jumeirah Village Circle
2953,Jumeirah Village Circle - Villas 2953,Nakheel,Jumeirah Village Circle
3232,Jumeirah Village Circle - Villas 3232,Nakheel,Jumeirah Village Circle
982,Jumeirah Village Circle - Villas 982,Nakheel,Jumeirah Village Circle
1952,Jumeirah Village Triangle - Project 1952,Nakheel,Jumeirah Village Triangle
2212,Jumeirah Village Triangle - Project 2212,Nakheel,Jumeirah Village Triangle
2640,Jumeirah Village Triangle - Project 2640,Nakheel,Jumeirah Village Triangle
2950,Jumeirah Village Triangle - Project 2950,Nakheel,Jumeirah Village Triangle
3015,Jumeirah Village Triangle - Project 3015,Nakheel,Jumeirah Village Triangle
3094,Jumeirah Village Triangle - Project 3094,Nakheel,Jumeirah Village Triangle
3639,Jumeirah Village Triangle - Project 3639,Nakheel,Jumeirah Village Triangle
4018,Jumeirah Village Triangle - Project 4018,Nakheel,Jumeirah Village Triangle
4019,Jumeirah Village Triangle - Project 4019,Nakheel,Jumeirah Village Triangle
4099,Jumeirah Village Triangle - Project 4099,Nakheel,Jumeirah Village Triangle
4120,Jumeirah Village Triangle - Project 4120,Nakheel,Jumeirah Village Triangle
2528,Jumeirah Village Triangle - Residences 2528,Nakheel,Jumeirah Village Triangle
2636,Jumeirah Village Triangle - Residences 2636,Nakheel,Jumeirah Village Triangle
2637,Jumeirah Village Triangle - Residences 2637,Nakheel,Jumeirah Village Triangle
2639,Jumeirah Village Triangle - Residences 2639,Nakheel,Jumeirah Village Triangle
2715,Jumeirah Village Triangle - Residences 2715,Nakheel,Jumeirah Village Triangle
2774,Jumeirah Village Triangle - Residences 2774,Nakheel,Jumeirah Village Triangle
2789,Jumeirah Village Triangle - Residences 2789,Nakheel,Jumeirah Village Triangle
2866,Jumeirah Village Triangle - Residences 2866,Nakheel,Jumeirah Village Triangle
289,Jumeirah Village Triangle - Residences 289,Nakheel,Jumeirah Village Triangle
2893,Jumeirah Village Triangle - Residences 2893,Nakheel,Jumeirah Village Triangle
2923,Jumeirah Village Triangle - Residences 2923,Nakheel,Jumeirah Village Triangle
2991,Jumeirah Village Triangle - Residences 2991,Nakheel,Jumeirah Village Triangle
2993,Jumeirah Village Triangle - Residences 2993,Nakheel,Jumeirah Village Triangle
3183,Jumeirah Village Triangle - Residences 3183,Nakheel,Jumeirah Village Triangle
3298,Jumeirah Village Triangle - Residences 3298,Nakheel,Jumeirah Village Triangle
3348,Jumeirah Village Triangle - Residences 3348,Nakheel,Jumeirah Village Triangle
3403,Jumeirah Village Triangle - Residences 3403,Nakheel,Jumeirah Village Triangle
3443,Jumeirah Village Triangle - Residences 3443,Nakheel,Jumeirah Village Triangle
3458,Jumeirah Village Triangle - Residences 3458,Nakheel,Jumeirah Village Triangle
3464,Jumeirah Village Triangle - Residences 3464,Nakheel,Jumeirah Village Triangle
3482,Jumeirah Village Triangle - Residences 3482,Nakheel,Jumeirah Village Triangle
3555,Jumeirah Village Triangle - Residences 3555,Nakheel,Jumeirah Village Triangle
3642,Jumeirah Village Triangle - Residences 3642,Nakheel,Jumeirah Village Triangle
4006,Jumeirah Village Triangle - Residences 4006,Nakheel,Jumeirah Village Triangle
4008,Jumeirah Village Triangle - Residences 4008,Nakheel,Jumeirah Village Triangle
807,Jumeirah Village Triangle - Residences 807,Nakheel,Jumeirah Village Triangle
835,Jumeirah Village Triangle - Villas 835,Nakheel,Jumeirah Village Triangle
2332,LA MER - Project 2332,Dubai Properties,Jumeirah
4089,LA MER - Residences 4089,Dubai Properties,Jumeirah
4122,LA MER - Residences 4122,Dubai Properties,Jumeirah
4123,LA MER - Residences 4123,Dubai Properties,Jumeirah
3445,LA MER - Villas 3445,Dubai Properties,Jumeirah
3526,LA MER - Villas 3526,Dubai Properties,Jumeirah
1323,Living Legends - Residences 1323,Dubai Properties,Dubailand
1324,Living Legends - Residences 1324,Dubai Properties,Dubailand
1325,Living Legends - Residences 1325,Dubai Properties,Dubailand
1326,Living Legends - Residences 1326,Dubai Properties,Dubailand
3600,Living Legends - Villas 3600,Dubai Properties,Dubailand
3606,Living Legends - Villas 3606,Dubai Properties,Dubailand
1455,Liwan1 - Project 1455,Dubai Properties,Dubailand
2848,Liwan1 - Project 2848,Dubai Properties,Dubailand
3357,Liwan1 - Residences 3357,Dubai Properties,Dubailand
3390,Liwan1 - Residences 3390,Dubai Properties,Dubailand
3454,Liwan1 - Residences 3454,Dubai Properties,Dubailand
3612,Liwan1 - Residences 3612,Dubai Properties,Dubailand
3679,Liwan1 - Residences 3679,Dubai Properties,Dubailand
3752,Liwan1 - Residences 3752,Dubai Properties,Dubailand
4049,Liwan1 - Residences 4049,Dubai Properties,Dubailand
4126,Liwan1 - Residences 4126,Dubai Properties,Dubailand
2753,Liwan2 - Project 2753,Dubai Properties,Dubailand
3267,Liwan2 - Project 3267,Dubai Properties,Dubailand
3091,Liwan2 - Residences 3091,Dubai Properties,Dubailand
2500,Majan - Project 2500,Dubai Properties,Dubailand
2835,Majan - Project 2835,Dubai Properties,Dubailand
2841,Majan - Project 2841,Dubai Properties,Dubailand
2999,Majan - Project 2999,Dubai Properties,Dubailand
3074,Majan - Project 3074,Dubai Properties,Dubailand
3330,Majan - Project 3330,Dubai Properties,Dubailand
3422,Majan - Project 3422,Dubai Properties,Dubailand
3433,Majan - Project 3433,Dubai Properties,Dubailand
3537,Majan - Project 3537,Dubai Properties,Dubailand
3538,Majan - Project 3538,Dubai Properties,Dubailand
3597,Majan - Project 3597,Dubai Properties,Dubailand
3742,Majan - Project 3742,Dubai Properties,Dubailand
3759,Majan - Project 3759,Dubai Properties,Dubailand
3812,Majan - Project 3812,Dubai Properties,Dubailand
3829,Majan - Project 3829,Dubai Properties,Dubailand
3863,Majan - Project 3863,Dubai Properties,Dubailand
3871,Majan - Project 3871,Dubai Properties,Dubailand
4102,Majan - Project 4102,Dubai Properties,Dubailand
4110,Majan - Project 4110,Dubai Properties,Dubailand
2101,Majan - Residences 2101,Dubai Properties,Dubailand
2652,Majan - Residences 2652,Dubai Properties,Dubailand
2842,Majan - Residences 2842,Dubai Properties,Dubailand
2852,Majan - Residences 2852,Dubai Properties,Dubailand
2971,Majan - Residences 2971,Dubai Properties,Dubailand
3013,Majan - Residences 3013,Dubai Properties,Dubailand
3209,Majan - Residences 3209,Dubai Properties,Dubailand
3244,Majan - Residences 3244,Dubai Properties,Dubailand
3284,Majan - Residences 3284,Dubai Properties,Dubailand
3315,Majan - Residences 3315,Dubai Properties,Dubailand
3574,Majan - Residences 3574,Dubai Properties,Dubailand
3587,Majan - Residences 3587,Dubai Properties,Dubailand
3592,Majan - Residences 3592,Dubai Properties,Dubailand
3625,Majan - Residences 3625,Dubai Properties,Dubailand
3807,Majan - Residences 3807,Dubai Properties,Dubailand
3840,Majan - Residences 3840,Dubai Properties,Dubailand
3876,Majan - Residences 3876,Dubai Properties,Dubailand
4104,Majan - Residences 4104,Dubai Properties,Dubailand
3012,Meydan One Community - Project 3012,Nakheel,Meydan
3740,Meydan One Community - Project 3740,Meydan Group,Meydan
2297,Meydan One Community - Residences 2297,Meydan Group,Meydan
2434,Meydan One Community - Residences 2434,Meydan Group,Meydan
3613,Meydan One Community - Residences 3613,Meydan Group,Meydan
3614,Meydan One Community - Residences 3614,Meydan Group,Meydan
3615,Meydan One Community - Residences 3615,Meydan Group,Meydan
3616,Meydan One Community - Residences 3616,Meydan Group,Meydan
3617,Meydan One Community - Residences 3617,Meydan Group,Meydan
3618,Meydan One Community - Residences 3618,Meydan Group,Meydan
3619,Meydan One Community - Residences 3619,Meydan Group,Meydan
3737,Meydan One Community - Residences 3737,Meydan Group,Meydan
3738,Meydan One Community - Residences 3738,Meydan Group,Meydan
3739,Meydan One Community - Residences 3739,Meydan Group,Meydan
3794,Meydan One Community - Residences 3794,Meydan Group,Meydan
3795,Meydan One Community - Residences 3795,Meydan Group,Meydan
2964,Meydan Racecourse Community - Project 2964,Meydan Group,Mohammed Bin Rashid City
3547,Meydan Racecourse Community - Project 3547,Meydan Group,Mohammed Bin Rashid City
3753,Meydan Racecourse Community - Project 3753,Meydan Group,Mohammed Bin Rashid City
1855,Meydan Racecourse Community - Residences 1855,Meydan Group,Mohammed Bin Rashid City
1941,Meydan Racecourse Community - Residences 1941,Meydan Group,Mohammed Bin Rashid City
3599,Meydan Racecourse Community - Residences 3599,Meydan Group,Mohammed Bin Rashid City
3849,Meydan Racecourse Community - Residences 3849,Meydan Group,Mohammed Bin Rashid City
3889,Meydan Racecourse Community - Residences 3889,Meydan Group,Mohammed Bin Rashid City
3416,Meydan Racecourse Community - Villas 3416,Meydan Group,Mohammed Bin Rashid City
2975,Mina Rashid - Project 2975,Meydan Group,Dubai Maritime City
3010,Mina Rashid - Project 3010,Meydan Group,Dubai Maritime City
2513,Mina Rashid - Residences 2513,Meydan Group,Dubai Maritime City
2678,Mina Rashid - Residences 2678,Meydan Group,Dubai Maritime City
2743,Mina Rashid - Residences 2743,Meydan Group,Dubai Maritime City
2813,Mina Rashid - Residences 2813,Meydan Group,Dubai Maritime City
2838,Mina Rashid - Residences 2838,Meydan Group,Dubai Maritime City
3172,Mina Rashid - Residences 3172,Meydan Group,Dubai Maritime City
3173,Mina Rashid - Residences 3173,Meydan Group,Dubai Maritime City
3271,Mina Rashid - Residences 3271,Meydan Group,Dubai Maritime City
3304,Mina Rashid - Residences 3304,Meydan Group,Dubai Maritime City
3305,Mina Rashid - Residences 3305,Meydan Group,Dubai Maritime City
3306,Mina Rashid - Residences 3306,Meydan Group,Dubai Maritime City
3386,Mina Rashid - Residences 3386,Meydan Group,Dubai Maritime City
3387,Mina Rashid - Residences 3387,Meydan Group,Dubai Maritime City
4002,Mina Rashid - Residences 4002,Meydan Group,Dubai Maritime City
4031,Mina Rashid - Residences 4031,Meydan Group,Dubai Maritime City
4032,Mina Rashid - Residences 4032,Meydan Group,Dubai Maritime City
4115,Mina Rashid - Residences 4115,Meydan Group,Dubai Maritime City
2674,Mohammed Bin Rashid AL Maktoum City -District -1 Community - Villas 2674,Meydan Group,Meydan
3532,Mohammed Bin Rashid AL Maktoum City -District -1 Community - Villas 3532,Meydan Group,Meydan
1612,Mohammed Bin Rashid AL Maktoum District 11 - Project 1612,Dubai Properties,Dubailand
2952,Mohammed Bin Rashid AL Maktoum District 11 - Project 2952,Meydan Group,Dubailand
3218,Mohammed Bin Rashid AL Maktoum District 11 - Project 3218,Meydan Group,Dubailand
3282,Mohammed Bin Rashid AL Maktoum District 11 - Project 3282,Meydan Group,Dubailand
3329,Mohammed Bin Rashid AL Maktoum District 11 - Project 3329,Meydan Group,Dubailand
3457,Mohammed Bin Rashid AL Maktoum District 11 - Project 3457,Meydan Group,Dubailand
3459,Mohammed Bin Rashid AL Maktoum District 11 - Project 3459,Meydan Group,Dubailand
3652,Mohammed Bin Rashid AL Maktoum District 11 - Project 3652,Meydan Group,Dubailand
3676,Mohammed Bin Rashid AL Maktoum District 11 - Project 3676,Meydan Group,Dubailand
3884,Mohammed Bin Rashid AL Maktoum District 11 - Project 3884,Meydan Group,Dubailand
4131,Mohammed Bin Rashid AL Maktoum District 11 - Project 4131,Meydan Group,Dubailand
2997,Mohammed Bin Rashid AL Maktoum District 11 - Residences 2997,Meydan Group,Dubailand
3279,Mohammed Bin Rashid AL Maktoum District 11 - Residences 3279,Meydan Group,Dubailand
3368,Mohammed Bin Rashid AL Maktoum District 11 - Residences 3368,Nakheel,Dubailand
3493,Mohammed Bin Rashid AL Maktoum District 11 - Residences 3493,Meydan Group,Dubailand
3569,Mohammed Bin Rashid AL Maktoum District 11 - Residences 3569,Meydan Group,Dubailand
3571,Mohammed Bin Rashid AL Maktoum District 11 - Residences 3571,Meydan Group,Dubailand
3729,Mohammed Bin Rashid AL Maktoum District 11 - Residences 3729,Meydan Group,Dubailand
2503,Mohammed Bin Rashid AL Maktoum District 11 - Villas 2503,Dubai Properties,Dubailand
2716,Mohammed Bin Rashid AL Maktoum District 11 - Villas 2716,Meydan Group,Dubailand
2816,Mohammed Bin Rashid AL Maktoum District 11 - Villas 2816,Meydan Group,Dubailand
2854,Mohammed Bin Rashid AL Maktoum District 11 - Villas 2854,Meydan Group,Dubailand
2894,Mohammed Bin Rashid AL Maktoum District 11 - Villas 2894,Meydan Group,Dubailand
2918,Mohammed Bin Rashid AL Maktoum District 11 - Villas 2918,Meydan Group,Dubailand
2967,Mohammed Bin Rashid AL Maktoum District 11 - Villas 2967,Meydan Group,Dubailand
2974,Mohammed Bin Rashid AL Maktoum District 11 - Villas 2974,Meydan Group,Dubailand
2980,Mohammed Bin Rashid AL Maktoum District 11 - Villas 2980,Meydan Group,Dubailand
2982,Mohammed Bin Rashid AL Maktoum District 11 - Villas 2982,Meydan Group,Dubailand
3128,Mohammed Bin Rashid AL Maktoum District 11 - Villas 3128,Meydan Group,Dubailand
3361,Mohammed Bin Rashid AL Maktoum District 11 - Villas 3361,Meydan Group,Dubailand
3444,Mohammed Bin Rashid AL Maktoum District 11 - Villas 3444,Meydan Group,Dubailand
3491,Mohammed Bin Rashid AL Maktoum District 11 - Villas 3491,Meydan Group,Dubailand
3518,Mohammed Bin Rashid AL Maktoum District 11 - Villas 3518,Meydan Group,Dubailand
3573,Mohammed Bin Rashid AL Maktoum District 11 - Villas 3573,Meydan Group,Dubailand
2319,Motor City - Project 2319,Union Properties,Dubai Sports City
3407,Motor City - Project 3407,Union Properties,Dubai Sports City
3535,Motor City - Project 3535,Union Properties,Dubai Sports City
3598,Motor City - Project 3598,Union Properties,Dubai Sports City
3816,Motor City - Project 3816,Union Properties,Dubai Sports City
3835,Motor City - Project 3835,Union Properties,Dubai Sports City
2532,Motor City - Residences 2532,Union Properties,Dubai Sports City
3070,Motor City - Residences 3070,Union Properties,Dubai Sports City
3334,Motor City - Residences 3334,Union Properties,Dubai Sports City
3528,Motor City - Residences 3528,Union Properties,Dubai Sports City
3767,Motor City - Residences 3767,Union Properties,Dubai Sports City
3112,Motor City - Villas 3112,Union Properties,Dubai Sports City
2549,Mudon - Residences 2549,Dubai Properties,Dubai Sports City
2638,Mudon - Residences 2638,Dubai Properties,Dubai Sports City
2648,Mudon - Residences 2648,Dubai Properties,Dubai Sports City
2699,Mudon - Villas 2699,Dubai Properties,Dubai Sports City
2701,Mudon - Villas 2701,Dubai Properties,Dubai Sports City
2906,Nad Al Sheba Gardens - Project 2906,Sobha Realty,Mohammed Bin Rashid City
4068,Nad Al Sheba Gardens - Project 4068,Sobha Realty,Mohammed Bin Rashid City
3064,Nad Al Sheba Gardens - Residences 3064,Sobha Realty,Mohammed Bin Rashid City
3099,Nad Al Sheba Gardens - Residences 3099,Sobha Realty,Mohammed Bin Rashid City
3156,Nad Al Sheba Gardens - Residences 3156,Sobha Realty,Mohammed Bin Rashid City
3432,Nad Al Sheba Gardens - Residences 3432,Dubai Properties,Mohammed Bin Rashid City
3492,Nad Al Sheba Gardens - Residences 3492,Sobha Realty,Mohammed Bin Rashid City
3715,Nad Al Sheba Gardens - Residences 3715,Sobha Realty,Mohammed Bin Rashid City
2390,Nad Al Sheba Gardens - Villas 2390,Sobha Realty,Mohammed Bin Rashid City
2484,Nad Al Sheba Gardens - Villas 2484,Sobha Realty,Mohammed Bin Rashid City
2915,Nad Al Sheba Gardens - Villas 2915,Sobha Realty,Mohammed Bin Rashid City
3077,Nad Al Sheba Gardens - Villas 3077,Sobha Realty,Mohammed Bin Rashid City
3085,Nad Al Sheba Gardens - Villas 3085,Sobha Realty,Mohammed Bin Rashid City
2751,Palm Deira - Project 2751,Nakheel,Palm Deira
2811,Palm Deira - Project 2811,Nakheel,Palm Deira
3080,Palm Deira - Project 3080,Nakheel,Palm Deira
3167,Palm Deira - Project 3167,Nakheel,Palm Deira
3238,Palm Deira - Project 3238,Nakheel,Palm Deira
3247,Palm Deira - Project 3247,Nakheel,Palm Deira
3322,Palm Deira - Project 3322,Nakheel,Palm Deira
3404,Palm Deira - Project 3404,Nakheel,Palm Deira
3440,Palm Deira - Project 3440,Nakheel,Palm Deira
3469,Palm Deira - Project 3469,Nakheel,Palm Deira
3470,Palm Deira - Project 3470,Nakheel,Palm Deira
3471,Palm Deira - Project 3471,Nakheel,Palm Deira
3489,Palm Deira - Project 3489,Nakheel,Palm Deira
3544,Palm Deira - Project 3544,Nakheel,Palm Deira
3568,Palm Deira - Project 3568,Nakheel,Palm Deira
3570,Palm Deira - Project 3570,Nakheel,Palm Deira
3604,Palm Deira - Project 3604,Nakheel,Palm Deira
3640,Palm Deira - Project 3640,Nakheel,Palm Deira
3718,Palm Deira - Project 3718,Nakheel,Palm Deira
3830,Palm Deira - Project 3830,Nakheel,Palm Deira
3858,Palm Deira - Project 3858,Nakheel,Palm Deira
3878,Palm Deira - Project 3878,Nakheel,Palm Deira
3885,Palm Deira - Project 3885,Nakheel,Palm Deira
4066,Palm Deira - Project 4066,Nakheel,Palm Deira
4077,Palm Deira - Project 4077,Nakheel,Palm Deira
4080,Palm Deira - Project 4080,Nakheel,Palm Deira
4093,Palm Deira - Project 4093,Nakheel,Palm Deira
4127,Palm Deira - Project 4127,Nakheel,Palm Deira
2719,Palm Deira - Residences 2719,Nakheel,Palm Deira
2930,Palm Deira - Residences 2930,Nakheel,Palm Deira
2981,Palm Deira - Residences 2981,Nakheel,Palm Deira
3011,Palm Deira - Residences 3011,Nakheel,Palm Deira
3042,Palm Deira - Residences 3042,Nakheel,Palm Deira
3062,Palm Deira - Residences 3062,Nakheel,Palm Deira
3101,Palm Deira - Residences 3101,Nakheel,Palm Deira
3119,Palm Deira - Residences 3119,Nakheel,Palm Deira
3149,Palm Deira - Residences 3149,Nakheel,Palm Deira
3162,Palm Deira - Residences 3162,Nakheel,Palm Deira
3177,Palm Deira - Residences 3177,Nakheel,Palm Deira
3223,Palm Deira - Residences 3223,Nakheel,Palm Deira
3224,Palm Deira - Residences 3224,Nakheel,Palm Deira
3251,Palm Deira - Residences 3251,Nakheel,Palm Deira
3252,Palm Deira - Residences 3252,Nakheel,Palm Deira
3265,Palm Deira - Residences 3265,Nakheel,Palm Deira
3276,Palm Deira - Residences 3276,Nakheel,Palm Deira
3285,Palm Deira - Residences 3285,Nakheel,Palm Deira
3293,Palm Deira - Residences 3293,Nakheel,Palm Deira
3351,Palm Deira - Residences 3351,Nakheel,Palm Deira
3367,Palm Deira - Residences 3367,Nakheel,Palm Deira
3384,Palm Deira - Residences 3384,Nakheel,Palm Deira
3394,Palm Deira - Residences 3394,Nakheel,Palm Deira
3401,Palm Deira - Residences 3401,Nakheel,Palm Deira
3415,Palm Deira - Residences 3415,Nakheel,Palm Deira
3447,Palm Deira - Residences 3447,Nakheel,Palm Deira
3452,Palm Deira - Residences 3452,Nakheel,Palm Deira
3460,Palm Deira - Residences 3460,Nakheel,Palm Deira
3561,Palm Deira - Residences 3561,Nakheel,Palm Deira
3563,Palm Deira - Residences 3563,Nakheel,Palm Deira
3620,Palm Deira - Residences 3620,Nakheel,Palm Deira
3626,Palm Deira - Residences 3626,Nakheel,Palm Deira
3630,Palm Deira - Residences 3630,Nakheel,Palm Deira
3631,Palm Deira - Residences 3631,Nakheel,Palm Deira
3638,Palm Deira - Residences 3638,Nakheel,Palm Deira
3654,Palm Deira - Residences 3654,Nakheel,Palm Deira
3671,Palm Deira - Residences 3671,Nakheel,Palm Deira
3683,Palm Deira - Residences 3683,Nakheel,Palm Deira
3707,Palm Deira - Residences 3707,Nakheel,Palm Deira
3714,Palm Deira - Residences 3714,Nakheel,Palm Deira
3721,Palm Deira - Residences 3721,Dubai Properties,Palm Deira
3724,Palm Deira - Residences 3724,Nakheel,Palm Deira
3751,Palm Deira - Residences 3751,Nakheel,Palm Deira
3756,Palm Deira - Residences 3756,Nakheel,Palm Deira
3770,Palm Deira - Residences 3770,Nakheel,Palm Deira
3784,Palm Deira - Residences 3784,Nakheel,Palm Deira
3785,Palm Deira - Residences 3785,Nakheel,Palm Deira
3793,Palm Deira - Residences 3793,Nakheel,Palm Deira
3799,Palm Deira - Residences 3799,Nakheel,Palm Deira
3804,Palm Deira - Residences 3804,Nakheel,Palm Deira
3808,Palm Deira - Residences 3808,Nakheel,Palm Deira
3811,Palm Deira - Residences 3811,Nakheel,Palm Deira
3837,Palm Deira - Residences 3837,Nakheel,Palm Deira
3867,Palm Deira - Residences 3867,Nakheel,Palm Deira
3868,Palm Deira - Residences 3868,Nakheel,Palm Deira
3872,Palm Deira - Residences 3872,Nakheel,Palm Deira
3874,Palm Deira - Residences 3874,Nakheel,Palm Deira
3879,Palm Deira - Residences 3879,Nakheel,Palm Deira
3881,Palm Deira - Residences 3881,Nakheel,Palm Deira
3887,Palm Deira - Residences 3887,Nakheel,Palm Deira
4010,Palm Deira - Residences 4010,Nakheel,Palm Deira
4011,Palm Deira - Residences 4011,Nakheel,Palm Deira
4014,Palm Deira - Residences 4014,Nakheel,Palm Deira
4026,Palm Deira - Residences 4026,Nakheel,Palm Deira
4059,Palm Deira - Residences 4059,Nakheel,Palm Deira
4060,Palm Deira - Residences 4060,Nakheel,Palm Deira
4065,Palm Deira - Residences 4065,Nakheel,Palm Deira
4072,Palm Deira - Residences 4072,Nakheel,Palm Deira
2899,Palm Deira - Villas 2899,Nakheel,Palm Deira
2590,Palm Jabal Ali - Villas 2590,Nakheel,Palm Jumeirah
2592,Palm Jabal Ali - Villas 2592,Nakheel,Palm Jumeirah
2593,Palm Jabal Ali - Villas 2593,Nakheel,Palm Jumeirah
2594,Palm Jabal Ali - Villas 2594,Nakheel,Palm Jumeirah
2595,Palm Jabal Ali - Villas 2595,Nakheel,Palm Jumeirah
2596,Palm Jabal Ali - Villas 2596,Nakheel,Palm Jumeirah
2597,Palm Jabal Ali - Villas 2597,Nakheel,Palm Jumeirah
2598,Palm Jabal Ali - Villas 2598,Nakheel,Palm Jumeirah
3331,Palm Jabal Ali - Villas 3331,Nakheel,Palm Jumeirah
3347,Palm Jabal Ali - Villas 3347,Nakheel,Palm Jumeirah
3352,Palm Jabal Ali - Villas 3352,Nakheel,Palm Jumeirah
3353,Palm Jabal Ali - Villas 3353,Nakheel,Palm Jumeirah
3354,Palm Jabal Ali - Villas 3354,Nakheel,Palm Jumeirah
3395,Palm Jabal Ali - Villas 3395,Nakheel,Palm Jumeirah
4091,Palm Jabal Ali - Villas 4091,Nakheel,Palm Jumeirah
4101,Palm Jabal Ali - Villas 4101,Nakheel,Palm Jumeirah
4103,Palm Jabal Ali - Villas 4103,Nakheel,Palm Jumeirah
4107,Palm Jabal Ali - Villas 4107,Nakheel,Palm Jumeirah
4113,Palm Jabal Ali - Villas 4113,Nakheel,Palm Jumeirah
4128,Palm Jabal Ali - Villas 4128,Nakheel,Palm Jumeirah
2569,Palm Jumeirah - Project 2569,Nakheel,Palm Jumeirah
3022,Palm Jumeirah - Project 3022,Nakheel,Palm Jumeirah
3519,Palm Jumeirah - Project 3519,Nakheel,Palm Jumeirah
2382,Palm Jumeirah - Residences 2382,Nakheel,Palm Jumeirah
2406,Palm Jumeirah - Residences 2406,Nakheel,Palm Jumeirah
2420,Palm Jumeirah - Residences 2420,Nakheel,Palm Jumeirah
2429,Palm Jumeirah - Residences 2429,Nakheel,Palm Jumeirah
2449,Palm Jumeirah - Residences 2449,Nakheel,Palm Jumeirah
2455,Palm Jumeirah - Residences 2455,Nakheel,Palm Jumeirah
2565,Palm Jumeirah - Residences 2565,Nakheel,Palm Jumeirah
2567,Palm Jumeirah - Residences 2567,Nakheel,Palm Jumeirah
2572,Palm Jumeirah - Residences 2572,Nakheel,Palm Jumeirah
2664,Palm Jumeirah - Residences 2664,Nakheel,Palm Jumeirah
2691,Palm Jumeirah - Residences 2691,Nakheel,Palm Jumeirah
2692,Palm Jumeirah - Residences 2692,Nakheel,Palm Jumeirah
2889,Palm Jumeirah - Residences 2889,Nakheel,Palm Jumeirah
2987,Palm Jumeirah - Residences 2987,Nakheel,Palm Jumeirah
3716,Palm Jumeirah - Residences 3716,Nakheel,Palm Jumeirah
4043,Palm Jumeirah - Residences 4043,Nakheel,Palm Jumeirah
2350,Palm Jumeirah - Villas 2350,Nakheel,Palm Jumeirah
2580,Palm Jumeirah - Villas 2580,Nakheel,Palm Jumeirah
2954,Palm Jumeirah - Villas 2954,Nakheel,Palm Jumeirah
3886,Palm Jumeirah - Villas 3886,Nakheel,Palm Jumeirah
2217,Rukan - Residences 2217,Dubai Properties,Dubailand
4096,Sama Al Jadaf - Residences 4096,Dubai Properties,Al Jadaf
3208,Silicon Oasis - Project 3208,Dubai Properties,Dubai Silicon Oasis
3259,Silicon Oasis - Project 3259,Dubai Properties,Dubai Silicon Oasis
3260,Silicon Oasis - Project 3260,Dubai Properties,Dubai Silicon Oasis
3424,Silicon Oasis - Project 3424,Dubai Properties,Dubai Silicon Oasis
3559,Silicon Oasis - Project 3559,Dubai Properties,Dubai Silicon Oasis
4023,Silicon Oasis - Project 4023,Dubai Properties,Dubai Silicon Oasis
2403,Silicon Oasis - Residences 2403,Dubai Properties,Dubai Silicon Oasis
2853,Silicon Oasis - Residences 2853,Dubai Properties,Dubai Silicon Oasis
3039,Silicon Oasis - Residences 3039,Dubai Properties,Dubai Silicon Oasis
3241,Silicon Oasis - Residences 3241,Dubai Properties,Dubai Silicon Oasis
3594,Silicon Oasis - Residences 3594,Dubai Properties,Dubai Silicon Oasis
3788,Silicon Oasis - Residences 3788,Dubai Properties,Dubai Silicon Oasis
4048,Silicon Oasis - Residences 4048,Dubai Properties,Dubai Silicon Oasis
2283,Site A - Residences 2283,TECOM Investments,Al Sufouh
2801,Site A - Residences 2801,Dubai Properties,Al Sufouh
2865,Site A - Residences 2865,Dubai Properties,Al Sufouh
2641,SOBHA HARTLAND - Project 2641,Meydan Group,Meydan
2878,SOBHA HARTLAND - Project 2878,Meydan Group,Meydan
2482,SOBHA HARTLAND - Residences 2482,Meydan Group,Meydan
2564,SOBHA HARTLAND - Residences 2564,Meydan Group,Meydan
2717,SOBHA HARTLAND - Residences 2717,Meydan Group,Meydan
2619,Sufouh Gardens - Residences 2619,Dubai Properties,Al Sufouh
3202,TECOM Site D - Residences 3202,TECOM Investments,Dubai Marina
2469,The Greens - Residences 2469,Emaar Properties,Barsha Heights
158,The Palmarosa - Villas 158,Dubai Properties,Dubailand
685,The Villa - Villas 685,Dubai Properties,Tilal Al Ghaf
1018,The World - Project 1018,Dubai Properties,The World Islands
2901,The World - Project 2901,Nakheel,The World Islands
4041,The World - Project 4041,Nakheel,The World Islands
1842,The World - Residences 1842,Dubai Properties,The World Islands
1671,The World - Villas 1671,Dubai Properties,The World Islands
1777,The World - Villas 1777,Dubai Properties,The World Islands
2588,The World - Villas 2588,Nakheel,The World Islands
3038,The World - Villas 3038,Nakheel,The World Islands
2259,TILAL AL GHAF - Project 2259,Dubai Sports City,Dubai Sports City
2054,TILAL AL GHAF - Villas 2054,Dubai Sports City,Dubai Sports City
2322,TILAL AL GHAF - Villas 2322,Dubai Sports City,Dubai Sports City
2498,TILAL AL GHAF - Villas 2498,Dubai Sports City,Dubai Sports City
2718,TILAL AL GHAF - Villas 2718,Dubai Sports City,Dubai Sports City
2827,TILAL AL GHAF - Villas 2827,Dubai Sports City,Dubai Sports City
2858,TILAL AL GHAF - Villas 2858,Dubai Sports City,Dubai Sports City
2850,TOWN SQUARE - Project 2850,Majid Al Futtaim,Tilal Al Ghaf
2986,TOWN SQUARE - Project 2986,Majid Al Futtaim,Tilal Al Ghaf
3000,TOWN SQUARE - Project 3000,Majid Al Futtaim,Tilal Al Ghaf
3003,TOWN SQUARE - Project 3003,Majid Al Futtaim,Tilal Al Ghaf
3049,TOWN SQUARE - Project 3049,Majid Al Futtaim,Tilal Al Ghaf
3050,TOWN SQUARE - Project 3050,Majid Al Futtaim,Tilal Al Ghaf
3144,TOWN SQUARE - Project 3144,Majid Al Futtaim,Tilal Al Ghaf
3211,TOWN SQUARE - Project 3211,Majid Al Futtaim,Tilal Al Ghaf
3749,TOWN SQUARE - Project 3749,Majid Al Futtaim,Tilal Al Ghaf
3839,TOWN SQUARE - Project 3839,Majid Al Futtaim,Tilal Al Ghaf
4028,TOWN SQUARE - Project 4028,Majid Al Futtaim,Tilal Al Ghaf
2526,TOWN SQUARE - Residences 2526,Majid Al Futtaim,Tilal Al Ghaf
2700,TOWN SQUARE - Residences 2700,Majid Al Futtaim,Tilal Al Ghaf
2723,TOWN SQUARE - Residences 2723,Majid Al Futtaim,Tilal Al Ghaf
2786,TOWN SQUARE - Residences 2786,Majid Al Futtaim,Tilal Al Ghaf
2962,TOWN SQUARE - Residences 2962,Majid Al Futtaim,Tilal Al Ghaf
3312,TOWN SQUARE - Residences 3312,Majid Al Futtaim,Tilal Al Ghaf
3364,TOWN SQUARE - Residences 3364,Majid Al Futtaim,Tilal Al Ghaf
3365,TOWN SQUARE - Residences 3365,Majid Al Futtaim,Tilal Al Ghaf
3450,TOWN SQUARE - Residences 3450,Majid Al Futtaim,Tilal Al Ghaf
3451,TOWN SQUARE - Residences 3451,Majid Al Futtaim,Tilal Al Ghaf
3649,TOWN SQUARE - Residences 3649,Majid Al Futtaim,Tilal Al Ghaf
3685,TOWN SQUARE - Residences 3685,Majid Al Futtaim,Tilal Al Ghaf
3231,WARSAN FIRST DEVELOPMENT - Project 3231,Dubai Properties,International City
3674,WARSAN FIRST DEVELOPMENT - Project 3674,Dubai Properties,International City
4021,WARSAN FIRST DEVELOPMENT - Project 4021,Dubai Properties,International City
4118,WARSAN FIRST DEVELOPMENT - Project 4118,Dubai Properties,International City
2495,WARSAN FIRST DEVELOPMENT - Residences 2495,Dubai Properties,International City
2576,Wasl 1 - Residences 2576,Dubai Properties,Bur Dubai
2630,Wasl 1 - Residences 2630,Dubai Properties,Bur Dubai
3337,Wasl 1 - Residences 3337,Dubai Properties,Bur Dubai
2920,Wasl Gate - Project 2920,Nakheel,Jebel Ali
3513,Wasl Gate - Project 3513,Nakheel,Jebel Ali
2808,Wasl Gate - Residences 2808,Nakheel,Jebel Ali
2809,Wasl Gate - Residences 2809,Nakheel,Jebel Ali
2810,Wasl Gate - Residences 2810,Nakheel,Jebel Ali
3138,Wasl Gate - Residences 3138,Nakheel,Jebel Ali
3140,Wasl Gate - Residences 3140,Nakheel,Jebel Ali
3141,Wasl Gate - Residences 3141,Nakheel,Jebel Ali
3472,Wasl Gate - Residences 3472,Nakheel,Jebel Ali
3627,Wasl Gate - Residences 3627,Nakheel,Jebel Ali
3757,Wasl Gate - Residences 3757,Nakheel,Jebel Ali
3760,Wasl Gate - Residences 3760,Nakheel,Jebel Ali
3761,Wasl Gate - Residences 3761,Nakheel,Jebel Ali